"","X","rep","processing","sweetener","tiempo","compound","concentration","Temp"
"1","ST1_rep1","rep1","1","ST",0.00099999999999989,"Delphinidin.3.O.sambubioside.5.O.glucoside",5.28,4
"2","ST2_rep1","rep1","2","ST",0.00099999999999989,"Delphinidin.3.O.sambubioside.5.O.glucoside",5.28,20
"3","STP_rep1","rep1","P","ST",0.00099999999999989,"Delphinidin.3.O.sambubioside.5.O.glucoside",5.28,4
"4","SU1_rep1","rep1","1","SU",0.00099999999999989,"Delphinidin.3.O.sambubioside.5.O.glucoside",5.26,20
"5","SU2_rep1","rep1","2","SU",0.00099999999999989,"Delphinidin.3.O.sambubioside.5.O.glucoside",5.26,4
"6","SUP_rep1","rep1","P","SU",0.00099999999999989,"Delphinidin.3.O.sambubioside.5.O.glucoside",5.26,20
"7","ST1_rep2","rep2","1","ST",0.00099999999999989,"Delphinidin.3.O.sambubioside.5.O.glucoside",5.23,4
"8","ST2_rep2","rep2","2","ST",0.00099999999999989,"Delphinidin.3.O.sambubioside.5.O.glucoside",5.23,20
"9","STP_rep2","rep2","P","ST",0.00099999999999989,"Delphinidin.3.O.sambubioside.5.O.glucoside",5.23,4
"10","SU1_rep2","rep2","1","SU",0.00099999999999989,"Delphinidin.3.O.sambubioside.5.O.glucoside",5.3,20
"11","SU2_rep2","rep2","2","SU",0.00099999999999989,"Delphinidin.3.O.sambubioside.5.O.glucoside",5.3,4
"12","SUP_rep2","rep2","P","SU",0.00099999999999989,"Delphinidin.3.O.sambubioside.5.O.glucoside",5.3,20
"13","ST1_rep3","rep3","1","ST",0.00099999999999989,"Delphinidin.3.O.sambubioside.5.O.glucoside",5.3,4
"14","ST2_rep3","rep3","2","ST",0.00099999999999989,"Delphinidin.3.O.sambubioside.5.O.glucoside",5.3,20
"15","STP_rep3","rep3","P","ST",0.00099999999999989,"Delphinidin.3.O.sambubioside.5.O.glucoside",5.3,4
"16","SU1_rep3","rep3","1","SU",0.00099999999999989,"Delphinidin.3.O.sambubioside.5.O.glucoside",5.28,20
"17","SU2_rep3","rep3","2","SU",0.00099999999999989,"Delphinidin.3.O.sambubioside.5.O.glucoside",5.28,4
"18","SUP_rep3","rep3","P","SU",0.00099999999999989,"Delphinidin.3.O.sambubioside.5.O.glucoside",5.28,20
"19","ST1_rep1","rep1","1","ST",1.001,"Delphinidin.3.O.sambubioside.5.O.glucoside",5.18,4
"20","ST2_rep1","rep1","2","ST",1.001,"Delphinidin.3.O.sambubioside.5.O.glucoside",5.17,20
"21","STP_rep1","rep1","P","ST",1.001,"Delphinidin.3.O.sambubioside.5.O.glucoside",5.15,4
"22","SU1_rep1","rep1","1","SU",1.001,"Delphinidin.3.O.sambubioside.5.O.glucoside",5.08,20
"23","SU2_rep1","rep1","2","SU",1.001,"Delphinidin.3.O.sambubioside.5.O.glucoside",5.01,4
"24","SUP_rep1","rep1","P","SU",1.001,"Delphinidin.3.O.sambubioside.5.O.glucoside",5.2,20
"25","ST1_rep2","rep2","1","ST",1.001,"Delphinidin.3.O.sambubioside.5.O.glucoside",5.19,4
"26","ST2_rep2","rep2","2","ST",1.001,"Delphinidin.3.O.sambubioside.5.O.glucoside",5.15,20
"27","STP_rep2","rep2","P","ST",1.001,"Delphinidin.3.O.sambubioside.5.O.glucoside",5.14,4
"28","SU1_rep2","rep2","1","SU",1.001,"Delphinidin.3.O.sambubioside.5.O.glucoside",5,20
"29","SU2_rep2","rep2","2","SU",1.001,"Delphinidin.3.O.sambubioside.5.O.glucoside",5.16,4
"30","SUP_rep2","rep2","P","SU",1.001,"Delphinidin.3.O.sambubioside.5.O.glucoside",5.16,20
"31","ST1_rep3","rep3","1","ST",1.001,"Delphinidin.3.O.sambubioside.5.O.glucoside",5.09,4
"32","ST2_rep3","rep3","2","ST",1.001,"Delphinidin.3.O.sambubioside.5.O.glucoside",5.13,20
"33","STP_rep3","rep3","P","ST",1.001,"Delphinidin.3.O.sambubioside.5.O.glucoside",5.18,4
"34","SU1_rep3","rep3","1","SU",1.001,"Delphinidin.3.O.sambubioside.5.O.glucoside",5.11,20
"35","SU2_rep3","rep3","2","SU",1.001,"Delphinidin.3.O.sambubioside.5.O.glucoside",5.14,4
"36","SUP_rep3","rep3","P","SU",1.001,"Delphinidin.3.O.sambubioside.5.O.glucoside",5.06,20
"37","ST1_rep1","rep1","1","ST",8.001,"Delphinidin.3.O.sambubioside.5.O.glucoside",4.72,4
"38","ST2_rep1","rep1","2","ST",8.001,"Delphinidin.3.O.sambubioside.5.O.glucoside",4.21,20
"39","STP_rep1","rep1","P","ST",8.001,"Delphinidin.3.O.sambubioside.5.O.glucoside",4.79,4
"40","SU1_rep1","rep1","1","SU",8.001,"Delphinidin.3.O.sambubioside.5.O.glucoside",4.31,20
"41","SU2_rep1","rep1","2","SU",8.001,"Delphinidin.3.O.sambubioside.5.O.glucoside",4.7,4
"42","SUP_rep1","rep1","P","SU",8.001,"Delphinidin.3.O.sambubioside.5.O.glucoside",4.34,20
"43","ST1_rep2","rep2","1","ST",8.001,"Delphinidin.3.O.sambubioside.5.O.glucoside",4.77,4
"44","ST2_rep2","rep2","2","ST",8.001,"Delphinidin.3.O.sambubioside.5.O.glucoside",4.22,20
"45","STP_rep2","rep2","P","ST",8.001,"Delphinidin.3.O.sambubioside.5.O.glucoside",4.88,4
"46","SU1_rep2","rep2","1","SU",8.001,"Delphinidin.3.O.sambubioside.5.O.glucoside",4.23,20
"47","SU2_rep2","rep2","2","SU",8.001,"Delphinidin.3.O.sambubioside.5.O.glucoside",4.73,4
"48","SUP_rep2","rep2","P","SU",8.001,"Delphinidin.3.O.sambubioside.5.O.glucoside",4.48,20
"49","ST1_rep3","rep3","1","ST",8.001,"Delphinidin.3.O.sambubioside.5.O.glucoside",4.97,4
"50","ST2_rep3","rep3","2","ST",8.001,"Delphinidin.3.O.sambubioside.5.O.glucoside",4.13,20
"51","STP_rep3","rep3","P","ST",8.001,"Delphinidin.3.O.sambubioside.5.O.glucoside",4.78,4
"52","SU1_rep3","rep3","1","SU",8.001,"Delphinidin.3.O.sambubioside.5.O.glucoside",4.22,20
"53","SU2_rep3","rep3","2","SU",8.001,"Delphinidin.3.O.sambubioside.5.O.glucoside",4.8,4
"54","SUP_rep3","rep3","P","SU",8.001,"Delphinidin.3.O.sambubioside.5.O.glucoside",4.39,20
"55","ST1_rep1","rep1","1","ST",16.001,"Delphinidin.3.O.sambubioside.5.O.glucoside",4.72,4
"56","ST2_rep1","rep1","2","ST",16.001,"Delphinidin.3.O.sambubioside.5.O.glucoside",3.74,20
"57","STP_rep1","rep1","P","ST",16.001,"Delphinidin.3.O.sambubioside.5.O.glucoside",4.72,4
"58","SU1_rep1","rep1","1","SU",16.001,"Delphinidin.3.O.sambubioside.5.O.glucoside",3.61,20
"59","SU2_rep1","rep1","2","SU",16.001,"Delphinidin.3.O.sambubioside.5.O.glucoside",4.82,4
"60","SUP_rep1","rep1","P","SU",16.001,"Delphinidin.3.O.sambubioside.5.O.glucoside",2.24,20
"61","ST1_rep2","rep2","1","ST",16.001,"Delphinidin.3.O.sambubioside.5.O.glucoside",4.73,4
"62","ST2_rep2","rep2","2","ST",16.001,"Delphinidin.3.O.sambubioside.5.O.glucoside",3.65,20
"63","STP_rep2","rep2","P","ST",16.001,"Delphinidin.3.O.sambubioside.5.O.glucoside",4.91,4
"64","SU1_rep2","rep2","1","SU",16.001,"Delphinidin.3.O.sambubioside.5.O.glucoside",3.75,20
"65","SU2_rep2","rep2","2","SU",16.001,"Delphinidin.3.O.sambubioside.5.O.glucoside",4.6,4
"66","SUP_rep2","rep2","P","SU",16.001,"Delphinidin.3.O.sambubioside.5.O.glucoside",4.49,20
"67","ST1_rep3","rep3","1","ST",16.001,"Delphinidin.3.O.sambubioside.5.O.glucoside",4.65,4
"68","ST2_rep3","rep3","2","ST",16.001,"Delphinidin.3.O.sambubioside.5.O.glucoside",4.15,20
"69","STP_rep3","rep3","P","ST",16.001,"Delphinidin.3.O.sambubioside.5.O.glucoside",4.84,4
"70","SU1_rep3","rep3","1","SU",16.001,"Delphinidin.3.O.sambubioside.5.O.glucoside",3.51,20
"71","SU2_rep3","rep3","2","SU",16.001,"Delphinidin.3.O.sambubioside.5.O.glucoside",4.64,4
"72","SUP_rep3","rep3","P","SU",16.001,"Delphinidin.3.O.sambubioside.5.O.glucoside",3.68,20
"73","ST1_rep1","rep1","1","ST",31.001,"Delphinidin.3.O.sambubioside.5.O.glucoside",4.32,4
"74","ST2_rep1","rep1","2","ST",31.001,"Delphinidin.3.O.sambubioside.5.O.glucoside",2.68,20
"75","STP_rep1","rep1","P","ST",31.001,"Delphinidin.3.O.sambubioside.5.O.glucoside",4.4,4
"76","SU1_rep1","rep1","1","SU",31.001,"Delphinidin.3.O.sambubioside.5.O.glucoside",2.53,20
"77","SU2_rep1","rep1","2","SU",31.001,"Delphinidin.3.O.sambubioside.5.O.glucoside",4.5,4
"78","SUP_rep1","rep1","P","SU",31.001,"Delphinidin.3.O.sambubioside.5.O.glucoside",2.67,20
"79","ST1_rep2","rep2","1","ST",31.001,"Delphinidin.3.O.sambubioside.5.O.glucoside",4.42,4
"80","ST2_rep2","rep2","2","ST",31.001,"Delphinidin.3.O.sambubioside.5.O.glucoside",2.72,20
"81","STP_rep2","rep2","P","ST",31.001,"Delphinidin.3.O.sambubioside.5.O.glucoside",4.61,4
"82","SU1_rep2","rep2","1","SU",31.001,"Delphinidin.3.O.sambubioside.5.O.glucoside",2.52,20
"83","SU2_rep2","rep2","2","SU",31.001,"Delphinidin.3.O.sambubioside.5.O.glucoside",4.35,4
"84","SUP_rep2","rep2","P","SU",31.001,"Delphinidin.3.O.sambubioside.5.O.glucoside",3,20
"85","ST1_rep3","rep3","1","ST",31.001,"Delphinidin.3.O.sambubioside.5.O.glucoside",4.52,4
"86","ST2_rep3","rep3","2","ST",31.001,"Delphinidin.3.O.sambubioside.5.O.glucoside",2.64,20
"87","STP_rep3","rep3","P","ST",31.001,"Delphinidin.3.O.sambubioside.5.O.glucoside",4.63,4
"88","SU1_rep3","rep3","1","SU",31.001,"Delphinidin.3.O.sambubioside.5.O.glucoside",2.63,20
"89","SU2_rep3","rep3","2","SU",31.001,"Delphinidin.3.O.sambubioside.5.O.glucoside",4.51,4
"90","SUP_rep3","rep3","P","SU",31.001,"Delphinidin.3.O.sambubioside.5.O.glucoside",2.83,20
"91","ST1_rep1","rep1","1","ST",46.001,"Delphinidin.3.O.sambubioside.5.O.glucoside",4.3,4
"92","ST2_rep1","rep1","2","ST",46.001,"Delphinidin.3.O.sambubioside.5.O.glucoside",2.18,20
"93","STP_rep1","rep1","P","ST",46.001,"Delphinidin.3.O.sambubioside.5.O.glucoside",4.22,4
"94","SU1_rep1","rep1","1","SU",46.001,"Delphinidin.3.O.sambubioside.5.O.glucoside",2.13,20
"95","SU2_rep1","rep1","2","SU",46.001,"Delphinidin.3.O.sambubioside.5.O.glucoside",3.91,4
"96","SUP_rep1","rep1","P","SU",46.001,"Delphinidin.3.O.sambubioside.5.O.glucoside",2.2,20
"97","ST1_rep2","rep2","1","ST",46.001,"Delphinidin.3.O.sambubioside.5.O.glucoside",4.32,4
"98","ST2_rep2","rep2","2","ST",46.001,"Delphinidin.3.O.sambubioside.5.O.glucoside",2.17,20
"99","STP_rep2","rep2","P","ST",46.001,"Delphinidin.3.O.sambubioside.5.O.glucoside",4.34,4
"100","SU1_rep2","rep2","1","SU",46.001,"Delphinidin.3.O.sambubioside.5.O.glucoside",2.26,20
"101","SU2_rep2","rep2","2","SU",46.001,"Delphinidin.3.O.sambubioside.5.O.glucoside",3.86,4
"102","SUP_rep2","rep2","P","SU",46.001,"Delphinidin.3.O.sambubioside.5.O.glucoside",2.22,20
"103","ST1_rep3","rep3","1","ST",46.001,"Delphinidin.3.O.sambubioside.5.O.glucoside",4.25,4
"104","ST2_rep3","rep3","2","ST",46.001,"Delphinidin.3.O.sambubioside.5.O.glucoside",2.17,20
"105","STP_rep3","rep3","P","ST",46.001,"Delphinidin.3.O.sambubioside.5.O.glucoside",4.18,4
"106","SU1_rep3","rep3","1","SU",46.001,"Delphinidin.3.O.sambubioside.5.O.glucoside",2.28,20
"107","SU2_rep3","rep3","2","SU",46.001,"Delphinidin.3.O.sambubioside.5.O.glucoside",4.19,4
"108","SUP_rep3","rep3","P","SU",46.001,"Delphinidin.3.O.sambubioside.5.O.glucoside",2.25,20
"109","ST1_rep1","rep1","1","ST",61.001,"Delphinidin.3.O.sambubioside.5.O.glucoside",3.91,4
"110","ST2_rep1","rep1","2","ST",61.001,"Delphinidin.3.O.sambubioside.5.O.glucoside",1.83,20
"111","STP_rep1","rep1","P","ST",61.001,"Delphinidin.3.O.sambubioside.5.O.glucoside",4.2,4
"112","SU1_rep1","rep1","1","SU",61.001,"Delphinidin.3.O.sambubioside.5.O.glucoside",1.7,20
"113","SU2_rep1","rep1","2","SU",61.001,"Delphinidin.3.O.sambubioside.5.O.glucoside",3.98,4
"114","SUP_rep1","rep1","P","SU",61.001,"Delphinidin.3.O.sambubioside.5.O.glucoside",1.94,20
"115","ST1_rep2","rep2","1","ST",61.001,"Delphinidin.3.O.sambubioside.5.O.glucoside",3.85,4
"116","ST2_rep2","rep2","2","ST",61.001,"Delphinidin.3.O.sambubioside.5.O.glucoside",1.63,20
"117","STP_rep2","rep2","P","ST",61.001,"Delphinidin.3.O.sambubioside.5.O.glucoside",4.13,4
"118","SU1_rep2","rep2","1","SU",61.001,"Delphinidin.3.O.sambubioside.5.O.glucoside",1.82,20
"119","SU2_rep2","rep2","2","SU",61.001,"Delphinidin.3.O.sambubioside.5.O.glucoside",3.93,4
"120","SUP_rep2","rep2","P","SU",61.001,"Delphinidin.3.O.sambubioside.5.O.glucoside",1.9,20
"121","ST1_rep3","rep3","1","ST",61.001,"Delphinidin.3.O.sambubioside.5.O.glucoside",4.08,4
"122","ST2_rep3","rep3","2","ST",61.001,"Delphinidin.3.O.sambubioside.5.O.glucoside",1.69,20
"123","STP_rep3","rep3","P","ST",61.001,"Delphinidin.3.O.sambubioside.5.O.glucoside",4.1,4
"124","SU1_rep3","rep3","1","SU",61.001,"Delphinidin.3.O.sambubioside.5.O.glucoside",1.89,20
"125","SU2_rep3","rep3","2","SU",61.001,"Delphinidin.3.O.sambubioside.5.O.glucoside",3.93,4
"126","SUP_rep3","rep3","P","SU",61.001,"Delphinidin.3.O.sambubioside.5.O.glucoside",1.84,20
"127","ST1_rep1","rep1","1","ST",91.001,"Delphinidin.3.O.sambubioside.5.O.glucoside",3.85,4
"128","ST2_rep1","rep1","2","ST",91.001,"Delphinidin.3.O.sambubioside.5.O.glucoside",1.26,20
"129","STP_rep1","rep1","P","ST",91.001,"Delphinidin.3.O.sambubioside.5.O.glucoside",3.83,4
"130","SU1_rep1","rep1","1","SU",91.001,"Delphinidin.3.O.sambubioside.5.O.glucoside",1.28,20
"131","SU2_rep1","rep1","2","SU",91.001,"Delphinidin.3.O.sambubioside.5.O.glucoside",3.71,4
"132","SUP_rep1","rep1","P","SU",91.001,"Delphinidin.3.O.sambubioside.5.O.glucoside",1.27,20
"133","ST1_rep2","rep2","1","ST",91.001,"Delphinidin.3.O.sambubioside.5.O.glucoside",3.83,4
"134","ST2_rep2","rep2","2","ST",91.001,"Delphinidin.3.O.sambubioside.5.O.glucoside",1.32,20
"135","STP_rep2","rep2","P","ST",91.001,"Delphinidin.3.O.sambubioside.5.O.glucoside",3.76,4
"136","SU1_rep2","rep2","1","SU",91.001,"Delphinidin.3.O.sambubioside.5.O.glucoside",1.28,20
"137","SU2_rep2","rep2","2","SU",91.001,"Delphinidin.3.O.sambubioside.5.O.glucoside",3.88,4
"138","SUP_rep2","rep2","P","SU",91.001,"Delphinidin.3.O.sambubioside.5.O.glucoside",1.24,20
"139","ST1_rep3","rep3","1","ST",91.001,"Delphinidin.3.O.sambubioside.5.O.glucoside",3.67,4
"140","ST2_rep3","rep3","2","ST",91.001,"Delphinidin.3.O.sambubioside.5.O.glucoside",1.27,20
"141","STP_rep3","rep3","P","ST",91.001,"Delphinidin.3.O.sambubioside.5.O.glucoside",3.75,4
"142","SU1_rep3","rep3","1","SU",91.001,"Delphinidin.3.O.sambubioside.5.O.glucoside",1.34,20
"143","SU2_rep3","rep3","2","SU",91.001,"Delphinidin.3.O.sambubioside.5.O.glucoside",3.79,4
"144","SUP_rep3","rep3","P","SU",91.001,"Delphinidin.3.O.sambubioside.5.O.glucoside",1.34,20
"145","ST1_rep1","rep1","1","ST",0.00099999999999989,"Delphinidin.3.5.O.diglucoside",4.62,4
"146","ST2_rep1","rep1","2","ST",0.00099999999999989,"Delphinidin.3.5.O.diglucoside",4.62,20
"147","STP_rep1","rep1","P","ST",0.00099999999999989,"Delphinidin.3.5.O.diglucoside",4.62,4
"148","SU1_rep1","rep1","1","SU",0.00099999999999989,"Delphinidin.3.5.O.diglucoside",4.37,20
"149","SU2_rep1","rep1","2","SU",0.00099999999999989,"Delphinidin.3.5.O.diglucoside",4.37,4
"150","SUP_rep1","rep1","P","SU",0.00099999999999989,"Delphinidin.3.5.O.diglucoside",4.37,20
"151","ST1_rep2","rep2","1","ST",0.00099999999999989,"Delphinidin.3.5.O.diglucoside",4.5,4
"152","ST2_rep2","rep2","2","ST",0.00099999999999989,"Delphinidin.3.5.O.diglucoside",4.5,20
"153","STP_rep2","rep2","P","ST",0.00099999999999989,"Delphinidin.3.5.O.diglucoside",4.5,4
"154","SU1_rep2","rep2","1","SU",0.00099999999999989,"Delphinidin.3.5.O.diglucoside",4.37,20
"155","SU2_rep2","rep2","2","SU",0.00099999999999989,"Delphinidin.3.5.O.diglucoside",4.37,4
"156","SUP_rep2","rep2","P","SU",0.00099999999999989,"Delphinidin.3.5.O.diglucoside",4.37,20
"157","ST1_rep3","rep3","1","ST",0.00099999999999989,"Delphinidin.3.5.O.diglucoside",4.47,4
"158","ST2_rep3","rep3","2","ST",0.00099999999999989,"Delphinidin.3.5.O.diglucoside",4.47,20
"159","STP_rep3","rep3","P","ST",0.00099999999999989,"Delphinidin.3.5.O.diglucoside",4.47,4
"160","SU1_rep3","rep3","1","SU",0.00099999999999989,"Delphinidin.3.5.O.diglucoside",4.34,20
"161","SU2_rep3","rep3","2","SU",0.00099999999999989,"Delphinidin.3.5.O.diglucoside",4.34,4
"162","SUP_rep3","rep3","P","SU",0.00099999999999989,"Delphinidin.3.5.O.diglucoside",4.34,20
"163","ST1_rep1","rep1","1","ST",1.001,"Delphinidin.3.5.O.diglucoside",4.07,4
"164","ST2_rep1","rep1","2","ST",1.001,"Delphinidin.3.5.O.diglucoside",4.07,20
"165","STP_rep1","rep1","P","ST",1.001,"Delphinidin.3.5.O.diglucoside",5.99,4
"166","SU1_rep1","rep1","1","SU",1.001,"Delphinidin.3.5.O.diglucoside",3.98,20
"167","SU2_rep1","rep1","2","SU",1.001,"Delphinidin.3.5.O.diglucoside",3.8,4
"168","SUP_rep1","rep1","P","SU",1.001,"Delphinidin.3.5.O.diglucoside",5.44,20
"169","ST1_rep2","rep2","1","ST",1.001,"Delphinidin.3.5.O.diglucoside",4.13,4
"170","ST2_rep2","rep2","2","ST",1.001,"Delphinidin.3.5.O.diglucoside",4.03,20
"171","STP_rep2","rep2","P","ST",1.001,"Delphinidin.3.5.O.diglucoside",5.92,4
"172","SU1_rep2","rep2","1","SU",1.001,"Delphinidin.3.5.O.diglucoside",3.81,20
"173","SU2_rep2","rep2","2","SU",1.001,"Delphinidin.3.5.O.diglucoside",3.87,4
"174","SUP_rep2","rep2","P","SU",1.001,"Delphinidin.3.5.O.diglucoside",5.54,20
"175","ST1_rep3","rep3","1","ST",1.001,"Delphinidin.3.5.O.diglucoside",4.01,4
"176","ST2_rep3","rep3","2","ST",1.001,"Delphinidin.3.5.O.diglucoside",3.98,20
"177","STP_rep3","rep3","P","ST",1.001,"Delphinidin.3.5.O.diglucoside",5.68,4
"178","SU1_rep3","rep3","1","SU",1.001,"Delphinidin.3.5.O.diglucoside",3.89,20
"179","SU2_rep3","rep3","2","SU",1.001,"Delphinidin.3.5.O.diglucoside",3.97,4
"180","SUP_rep3","rep3","P","SU",1.001,"Delphinidin.3.5.O.diglucoside",5.36,20
"181","ST1_rep1","rep1","1","ST",8.001,"Delphinidin.3.5.O.diglucoside",3.51,4
"182","ST2_rep1","rep1","2","ST",8.001,"Delphinidin.3.5.O.diglucoside",2.97,20
"183","STP_rep1","rep1","P","ST",8.001,"Delphinidin.3.5.O.diglucoside",4.88,4
"184","SU1_rep1","rep1","1","SU",8.001,"Delphinidin.3.5.O.diglucoside",3,20
"185","SU2_rep1","rep1","2","SU",8.001,"Delphinidin.3.5.O.diglucoside",3.45,4
"186","SUP_rep1","rep1","P","SU",8.001,"Delphinidin.3.5.O.diglucoside",3.9,20
"187","ST1_rep2","rep2","1","ST",8.001,"Delphinidin.3.5.O.diglucoside",3.53,4
"188","ST2_rep2","rep2","2","ST",8.001,"Delphinidin.3.5.O.diglucoside",2.96,20
"189","STP_rep2","rep2","P","ST",8.001,"Delphinidin.3.5.O.diglucoside",4.91,4
"190","SU1_rep2","rep2","1","SU",8.001,"Delphinidin.3.5.O.diglucoside",2.94,20
"191","SU2_rep2","rep2","2","SU",8.001,"Delphinidin.3.5.O.diglucoside",3.41,4
"192","SUP_rep2","rep2","P","SU",8.001,"Delphinidin.3.5.O.diglucoside",3.95,20
"193","ST1_rep3","rep3","1","ST",8.001,"Delphinidin.3.5.O.diglucoside",3.74,4
"194","ST2_rep3","rep3","2","ST",8.001,"Delphinidin.3.5.O.diglucoside",2.92,20
"195","STP_rep3","rep3","P","ST",8.001,"Delphinidin.3.5.O.diglucoside",4.86,4
"196","SU1_rep3","rep3","1","SU",8.001,"Delphinidin.3.5.O.diglucoside",2.93,20
"197","SU2_rep3","rep3","2","SU",8.001,"Delphinidin.3.5.O.diglucoside",3.43,4
"198","SUP_rep3","rep3","P","SU",8.001,"Delphinidin.3.5.O.diglucoside",4.05,20
"199","ST1_rep1","rep1","1","ST",16.001,"Delphinidin.3.5.O.diglucoside",3.41,4
"200","ST2_rep1","rep1","2","ST",16.001,"Delphinidin.3.5.O.diglucoside",2.43,20
"201","STP_rep1","rep1","P","ST",16.001,"Delphinidin.3.5.O.diglucoside",4.58,4
"202","SU1_rep1","rep1","1","SU",16.001,"Delphinidin.3.5.O.diglucoside",2.29,20
"203","SU2_rep1","rep1","2","SU",16.001,"Delphinidin.3.5.O.diglucoside",3.27,4
"204","SUP_rep1","rep1","P","SU",16.001,"Delphinidin.3.5.O.diglucoside",3.31,20
"205","ST1_rep2","rep2","1","ST",16.001,"Delphinidin.3.5.O.diglucoside",3.47,4
"206","ST2_rep2","rep2","2","ST",16.001,"Delphinidin.3.5.O.diglucoside",2.37,20
"207","STP_rep2","rep2","P","ST",16.001,"Delphinidin.3.5.O.diglucoside",4.86,4
"208","SU1_rep2","rep2","1","SU",16.001,"Delphinidin.3.5.O.diglucoside",2.34,20
"209","SU2_rep2","rep2","2","SU",16.001,"Delphinidin.3.5.O.diglucoside",3.16,4
"210","SUP_rep2","rep2","P","SU",16.001,"Delphinidin.3.5.O.diglucoside",3.68,20
"211","ST1_rep3","rep3","1","ST",16.001,"Delphinidin.3.5.O.diglucoside",3.38,4
"212","ST2_rep3","rep3","2","ST",16.001,"Delphinidin.3.5.O.diglucoside",2.52,20
"213","STP_rep3","rep3","P","ST",16.001,"Delphinidin.3.5.O.diglucoside",4.57,4
"214","SU1_rep3","rep3","1","SU",16.001,"Delphinidin.3.5.O.diglucoside",2.22,20
"215","SU2_rep3","rep3","2","SU",16.001,"Delphinidin.3.5.O.diglucoside",3.19,4
"216","SUP_rep3","rep3","P","SU",16.001,"Delphinidin.3.5.O.diglucoside",2.92,20
"217","ST1_rep1","rep1","1","ST",31.001,"Delphinidin.3.5.O.diglucoside",3.03,4
"218","ST2_rep1","rep1","2","ST",31.001,"Delphinidin.3.5.O.diglucoside",1.76,20
"219","STP_rep1","rep1","P","ST",31.001,"Delphinidin.3.5.O.diglucoside",4.35,4
"220","SU1_rep1","rep1","1","SU",31.001,"Delphinidin.3.5.O.diglucoside",1.55,20
"221","SU2_rep1","rep1","2","SU",31.001,"Delphinidin.3.5.O.diglucoside",3.04,4
"222","SUP_rep1","rep1","P","SU",31.001,"Delphinidin.3.5.O.diglucoside",1.71,20
"223","ST1_rep2","rep2","1","ST",31.001,"Delphinidin.3.5.O.diglucoside",3.13,4
"224","ST2_rep2","rep2","2","ST",31.001,"Delphinidin.3.5.O.diglucoside",1.84,20
"225","STP_rep2","rep2","P","ST",31.001,"Delphinidin.3.5.O.diglucoside",4.5,4
"226","SU1_rep2","rep2","1","SU",31.001,"Delphinidin.3.5.O.diglucoside",1.53,20
"227","SU2_rep2","rep2","2","SU",31.001,"Delphinidin.3.5.O.diglucoside",2.92,4
"228","SUP_rep2","rep2","P","SU",31.001,"Delphinidin.3.5.O.diglucoside",1.94,20
"229","ST1_rep3","rep3","1","ST",31.001,"Delphinidin.3.5.O.diglucoside",3.12,4
"230","ST2_rep3","rep3","2","ST",31.001,"Delphinidin.3.5.O.diglucoside",1.68,20
"231","STP_rep3","rep3","P","ST",31.001,"Delphinidin.3.5.O.diglucoside",4.28,4
"232","SU1_rep3","rep3","1","SU",31.001,"Delphinidin.3.5.O.diglucoside",1.58,20
"233","SU2_rep3","rep3","2","SU",31.001,"Delphinidin.3.5.O.diglucoside",2.97,4
"234","SUP_rep3","rep3","P","SU",31.001,"Delphinidin.3.5.O.diglucoside",1.78,20
"235","ST1_rep1","rep1","1","ST",46.001,"Delphinidin.3.5.O.diglucoside",3.05,4
"236","ST2_rep1","rep1","2","ST",46.001,"Delphinidin.3.5.O.diglucoside",1.55,20
"237","STP_rep1","rep1","P","ST",46.001,"Delphinidin.3.5.O.diglucoside",3.77,4
"238","SU1_rep1","rep1","1","SU",46.001,"Delphinidin.3.5.O.diglucoside",1.51,20
"239","SU2_rep1","rep1","2","SU",46.001,"Delphinidin.3.5.O.diglucoside",2.67,4
"240","SUP_rep1","rep1","P","SU",46.001,"Delphinidin.3.5.O.diglucoside",1.36,20
"241","ST1_rep2","rep2","1","ST",46.001,"Delphinidin.3.5.O.diglucoside",2.98,4
"242","ST2_rep2","rep2","2","ST",46.001,"Delphinidin.3.5.O.diglucoside",1.56,20
"243","STP_rep2","rep2","P","ST",46.001,"Delphinidin.3.5.O.diglucoside",3.97,4
"244","SU1_rep2","rep2","1","SU",46.001,"Delphinidin.3.5.O.diglucoside",1.5,20
"245","SU2_rep2","rep2","2","SU",46.001,"Delphinidin.3.5.O.diglucoside",2.67,4
"246","SUP_rep2","rep2","P","SU",46.001,"Delphinidin.3.5.O.diglucoside",1.35,20
"247","ST1_rep3","rep3","1","ST",46.001,"Delphinidin.3.5.O.diglucoside",2.98,4
"248","ST2_rep3","rep3","2","ST",46.001,"Delphinidin.3.5.O.diglucoside",1.59,20
"249","STP_rep3","rep3","P","ST",46.001,"Delphinidin.3.5.O.diglucoside",3.64,4
"250","SU1_rep3","rep3","1","SU",46.001,"Delphinidin.3.5.O.diglucoside",1.49,20
"251","SU2_rep3","rep3","2","SU",46.001,"Delphinidin.3.5.O.diglucoside",2.8,4
"252","SUP_rep3","rep3","P","SU",46.001,"Delphinidin.3.5.O.diglucoside",1.34,20
"253","ST1_rep1","rep1","1","ST",61.001,"Delphinidin.3.5.O.diglucoside",2.68,4
"254","ST2_rep1","rep1","2","ST",61.001,"Delphinidin.3.5.O.diglucoside",1.55,20
"255","STP_rep1","rep1","P","ST",61.001,"Delphinidin.3.5.O.diglucoside",3.57,4
"256","SU1_rep1","rep1","1","SU",61.001,"Delphinidin.3.5.O.diglucoside",1.37,20
"257","SU2_rep1","rep1","2","SU",61.001,"Delphinidin.3.5.O.diglucoside",2.61,4
"258","SUP_rep1","rep1","P","SU",61.001,"Delphinidin.3.5.O.diglucoside",1.22,20
"259","ST1_rep2","rep2","1","ST",61.001,"Delphinidin.3.5.O.diglucoside",2.63,4
"260","ST2_rep2","rep2","2","ST",61.001,"Delphinidin.3.5.O.diglucoside",1.35,20
"261","STP_rep2","rep2","P","ST",61.001,"Delphinidin.3.5.O.diglucoside",3.55,4
"262","SU1_rep2","rep2","1","SU",61.001,"Delphinidin.3.5.O.diglucoside",1.4,20
"263","SU2_rep2","rep2","2","SU",61.001,"Delphinidin.3.5.O.diglucoside",2.5,4
"264","SUP_rep2","rep2","P","SU",61.001,"Delphinidin.3.5.O.diglucoside",1.23,20
"265","ST1_rep3","rep3","1","ST",61.001,"Delphinidin.3.5.O.diglucoside",2.77,4
"266","ST2_rep3","rep3","2","ST",61.001,"Delphinidin.3.5.O.diglucoside",1.43,20
"267","STP_rep3","rep3","P","ST",61.001,"Delphinidin.3.5.O.diglucoside",3.44,4
"268","SU1_rep3","rep3","1","SU",61.001,"Delphinidin.3.5.O.diglucoside",1.39,20
"269","SU2_rep3","rep3","2","SU",61.001,"Delphinidin.3.5.O.diglucoside",2.51,4
"270","SUP_rep3","rep3","P","SU",61.001,"Delphinidin.3.5.O.diglucoside",1.24,20
"271","ST1_rep1","rep1","1","ST",91.001,"Delphinidin.3.5.O.diglucoside",2.63,4
"272","ST2_rep1","rep1","2","ST",91.001,"Delphinidin.3.5.O.diglucoside",1.26,20
"273","STP_rep1","rep1","P","ST",91.001,"Delphinidin.3.5.O.diglucoside",2.9,4
"274","SU1_rep1","rep1","1","SU",91.001,"Delphinidin.3.5.O.diglucoside",1.18,20
"275","SU2_rep1","rep1","2","SU",91.001,"Delphinidin.3.5.O.diglucoside",2.21,4
"276","SUP_rep1","rep1","P","SU",91.001,"Delphinidin.3.5.O.diglucoside",1.15,20
"277","ST1_rep2","rep2","1","ST",91.001,"Delphinidin.3.5.O.diglucoside",2.35,4
"278","ST2_rep2","rep2","2","ST",91.001,"Delphinidin.3.5.O.diglucoside",1.25,20
"279","STP_rep2","rep2","P","ST",91.001,"Delphinidin.3.5.O.diglucoside",2.82,4
"280","SU1_rep2","rep2","1","SU",91.001,"Delphinidin.3.5.O.diglucoside",1.27,20
"281","SU2_rep2","rep2","2","SU",91.001,"Delphinidin.3.5.O.diglucoside",2.26,4
"282","SUP_rep2","rep2","P","SU",91.001,"Delphinidin.3.5.O.diglucoside",1.14,20
"283","ST1_rep3","rep3","1","ST",91.001,"Delphinidin.3.5.O.diglucoside",2.24,4
"284","ST2_rep3","rep3","2","ST",91.001,"Delphinidin.3.5.O.diglucoside",1.25,20
"285","STP_rep3","rep3","P","ST",91.001,"Delphinidin.3.5.O.diglucoside",2.83,4
"286","SU1_rep3","rep3","1","SU",91.001,"Delphinidin.3.5.O.diglucoside",1.23,20
"287","SU2_rep3","rep3","2","SU",91.001,"Delphinidin.3.5.O.diglucoside",2.22,4
"288","SUP_rep3","rep3","P","SU",91.001,"Delphinidin.3.5.O.diglucoside",1.23,20
"289","ST1_rep1","rep1","1","ST",0.00099999999999989,"Cyanidin.3.O.sambubioside.5.O.glucoside...Cyanidin.3.5.O.diglucoside",2.35,4
"290","ST2_rep1","rep1","2","ST",0.00099999999999989,"Cyanidin.3.O.sambubioside.5.O.glucoside...Cyanidin.3.5.O.diglucoside",2.35,20
"291","STP_rep1","rep1","P","ST",0.00099999999999989,"Cyanidin.3.O.sambubioside.5.O.glucoside...Cyanidin.3.5.O.diglucoside",2.35,4
"292","SU1_rep1","rep1","1","SU",0.00099999999999989,"Cyanidin.3.O.sambubioside.5.O.glucoside...Cyanidin.3.5.O.diglucoside",2.25,20
"293","SU2_rep1","rep1","2","SU",0.00099999999999989,"Cyanidin.3.O.sambubioside.5.O.glucoside...Cyanidin.3.5.O.diglucoside",2.25,4
"294","SUP_rep1","rep1","P","SU",0.00099999999999989,"Cyanidin.3.O.sambubioside.5.O.glucoside...Cyanidin.3.5.O.diglucoside",2.25,20
"295","ST1_rep2","rep2","1","ST",0.00099999999999989,"Cyanidin.3.O.sambubioside.5.O.glucoside...Cyanidin.3.5.O.diglucoside",2.3,4
"296","ST2_rep2","rep2","2","ST",0.00099999999999989,"Cyanidin.3.O.sambubioside.5.O.glucoside...Cyanidin.3.5.O.diglucoside",2.3,20
"297","STP_rep2","rep2","P","ST",0.00099999999999989,"Cyanidin.3.O.sambubioside.5.O.glucoside...Cyanidin.3.5.O.diglucoside",2.3,4
"298","SU1_rep2","rep2","1","SU",0.00099999999999989,"Cyanidin.3.O.sambubioside.5.O.glucoside...Cyanidin.3.5.O.diglucoside",2.25,20
"299","SU2_rep2","rep2","2","SU",0.00099999999999989,"Cyanidin.3.O.sambubioside.5.O.glucoside...Cyanidin.3.5.O.diglucoside",2.25,4
"300","SUP_rep2","rep2","P","SU",0.00099999999999989,"Cyanidin.3.O.sambubioside.5.O.glucoside...Cyanidin.3.5.O.diglucoside",2.25,20
"301","ST1_rep3","rep3","1","ST",0.00099999999999989,"Cyanidin.3.O.sambubioside.5.O.glucoside...Cyanidin.3.5.O.diglucoside",2.27,4
"302","ST2_rep3","rep3","2","ST",0.00099999999999989,"Cyanidin.3.O.sambubioside.5.O.glucoside...Cyanidin.3.5.O.diglucoside",2.27,20
"303","STP_rep3","rep3","P","ST",0.00099999999999989,"Cyanidin.3.O.sambubioside.5.O.glucoside...Cyanidin.3.5.O.diglucoside",2.27,4
"304","SU1_rep3","rep3","1","SU",0.00099999999999989,"Cyanidin.3.O.sambubioside.5.O.glucoside...Cyanidin.3.5.O.diglucoside",2.23,20
"305","SU2_rep3","rep3","2","SU",0.00099999999999989,"Cyanidin.3.O.sambubioside.5.O.glucoside...Cyanidin.3.5.O.diglucoside",2.23,4
"306","SUP_rep3","rep3","P","SU",0.00099999999999989,"Cyanidin.3.O.sambubioside.5.O.glucoside...Cyanidin.3.5.O.diglucoside",2.23,20
"307","ST1_rep1","rep1","1","ST",1.001,"Cyanidin.3.O.sambubioside.5.O.glucoside...Cyanidin.3.5.O.diglucoside",2.29,4
"308","ST2_rep1","rep1","2","ST",1.001,"Cyanidin.3.O.sambubioside.5.O.glucoside...Cyanidin.3.5.O.diglucoside",2.2,20
"309","STP_rep1","rep1","P","ST",1.001,"Cyanidin.3.O.sambubioside.5.O.glucoside...Cyanidin.3.5.O.diglucoside",2.35,4
"310","SU1_rep1","rep1","1","SU",1.001,"Cyanidin.3.O.sambubioside.5.O.glucoside...Cyanidin.3.5.O.diglucoside",2.19,20
"311","SU2_rep1","rep1","2","SU",1.001,"Cyanidin.3.O.sambubioside.5.O.glucoside...Cyanidin.3.5.O.diglucoside",2.04,4
"312","SUP_rep1","rep1","P","SU",1.001,"Cyanidin.3.O.sambubioside.5.O.glucoside...Cyanidin.3.5.O.diglucoside",2.29,20
"313","ST1_rep2","rep2","1","ST",1.001,"Cyanidin.3.O.sambubioside.5.O.glucoside...Cyanidin.3.5.O.diglucoside",2.13,4
"314","ST2_rep2","rep2","2","ST",1.001,"Cyanidin.3.O.sambubioside.5.O.glucoside...Cyanidin.3.5.O.diglucoside",2.19,20
"315","STP_rep2","rep2","P","ST",1.001,"Cyanidin.3.O.sambubioside.5.O.glucoside...Cyanidin.3.5.O.diglucoside",2.36,4
"316","SU1_rep2","rep2","1","SU",1.001,"Cyanidin.3.O.sambubioside.5.O.glucoside...Cyanidin.3.5.O.diglucoside",2.05,20
"317","SU2_rep2","rep2","2","SU",1.001,"Cyanidin.3.O.sambubioside.5.O.glucoside...Cyanidin.3.5.O.diglucoside",2.06,4
"318","SUP_rep2","rep2","P","SU",1.001,"Cyanidin.3.O.sambubioside.5.O.glucoside...Cyanidin.3.5.O.diglucoside",2.36,20
"319","ST1_rep3","rep3","1","ST",1.001,"Cyanidin.3.O.sambubioside.5.O.glucoside...Cyanidin.3.5.O.diglucoside",2.17,4
"320","ST2_rep3","rep3","2","ST",1.001,"Cyanidin.3.O.sambubioside.5.O.glucoside...Cyanidin.3.5.O.diglucoside",2.11,20
"321","STP_rep3","rep3","P","ST",1.001,"Cyanidin.3.O.sambubioside.5.O.glucoside...Cyanidin.3.5.O.diglucoside",2.31,4
"322","SU1_rep3","rep3","1","SU",1.001,"Cyanidin.3.O.sambubioside.5.O.glucoside...Cyanidin.3.5.O.diglucoside",2.1,20
"323","SU2_rep3","rep3","2","SU",1.001,"Cyanidin.3.O.sambubioside.5.O.glucoside...Cyanidin.3.5.O.diglucoside",2.07,4
"324","SUP_rep3","rep3","P","SU",1.001,"Cyanidin.3.O.sambubioside.5.O.glucoside...Cyanidin.3.5.O.diglucoside",2.25,20
"325","ST1_rep1","rep1","1","ST",8.001,"Cyanidin.3.O.sambubioside.5.O.glucoside...Cyanidin.3.5.O.diglucoside",1.98,4
"326","ST2_rep1","rep1","2","ST",8.001,"Cyanidin.3.O.sambubioside.5.O.glucoside...Cyanidin.3.5.O.diglucoside",1.76,20
"327","STP_rep1","rep1","P","ST",8.001,"Cyanidin.3.O.sambubioside.5.O.glucoside...Cyanidin.3.5.O.diglucoside",2.14,4
"328","SU1_rep1","rep1","1","SU",8.001,"Cyanidin.3.O.sambubioside.5.O.glucoside...Cyanidin.3.5.O.diglucoside",1.79,20
"329","SU2_rep1","rep1","2","SU",8.001,"Cyanidin.3.O.sambubioside.5.O.glucoside...Cyanidin.3.5.O.diglucoside",1.98,4
"330","SUP_rep1","rep1","P","SU",8.001,"Cyanidin.3.O.sambubioside.5.O.glucoside...Cyanidin.3.5.O.diglucoside",1.86,20
"331","ST1_rep2","rep2","1","ST",8.001,"Cyanidin.3.O.sambubioside.5.O.glucoside...Cyanidin.3.5.O.diglucoside",2.02,4
"332","ST2_rep2","rep2","2","ST",8.001,"Cyanidin.3.O.sambubioside.5.O.glucoside...Cyanidin.3.5.O.diglucoside",1.75,20
"333","STP_rep2","rep2","P","ST",8.001,"Cyanidin.3.O.sambubioside.5.O.glucoside...Cyanidin.3.5.O.diglucoside",2.19,4
"334","SU1_rep2","rep2","1","SU",8.001,"Cyanidin.3.O.sambubioside.5.O.glucoside...Cyanidin.3.5.O.diglucoside",1.77,20
"335","SU2_rep2","rep2","2","SU",8.001,"Cyanidin.3.O.sambubioside.5.O.glucoside...Cyanidin.3.5.O.diglucoside",1.99,4
"336","SUP_rep2","rep2","P","SU",8.001,"Cyanidin.3.O.sambubioside.5.O.glucoside...Cyanidin.3.5.O.diglucoside",1.83,20
"337","ST1_rep3","rep3","1","ST",8.001,"Cyanidin.3.O.sambubioside.5.O.glucoside...Cyanidin.3.5.O.diglucoside",2.15,4
"338","ST2_rep3","rep3","2","ST",8.001,"Cyanidin.3.O.sambubioside.5.O.glucoside...Cyanidin.3.5.O.diglucoside",1.71,20
"339","STP_rep3","rep3","P","ST",8.001,"Cyanidin.3.O.sambubioside.5.O.glucoside...Cyanidin.3.5.O.diglucoside",2.19,4
"340","SU1_rep3","rep3","1","SU",8.001,"Cyanidin.3.O.sambubioside.5.O.glucoside...Cyanidin.3.5.O.diglucoside",1.77,20
"341","SU2_rep3","rep3","2","SU",8.001,"Cyanidin.3.O.sambubioside.5.O.glucoside...Cyanidin.3.5.O.diglucoside",1.98,4
"342","SUP_rep3","rep3","P","SU",8.001,"Cyanidin.3.O.sambubioside.5.O.glucoside...Cyanidin.3.5.O.diglucoside",1.88,20
"343","ST1_rep1","rep1","1","ST",16.001,"Cyanidin.3.O.sambubioside.5.O.glucoside...Cyanidin.3.5.O.diglucoside",1.96,4
"344","ST2_rep1","rep1","2","ST",16.001,"Cyanidin.3.O.sambubioside.5.O.glucoside...Cyanidin.3.5.O.diglucoside",1.5,20
"345","STP_rep1","rep1","P","ST",16.001,"Cyanidin.3.O.sambubioside.5.O.glucoside...Cyanidin.3.5.O.diglucoside",2.11,4
"346","SU1_rep1","rep1","1","SU",16.001,"Cyanidin.3.O.sambubioside.5.O.glucoside...Cyanidin.3.5.O.diglucoside",1.47,20
"347","SU2_rep1","rep1","2","SU",16.001,"Cyanidin.3.O.sambubioside.5.O.glucoside...Cyanidin.3.5.O.diglucoside",1.91,4
"348","SUP_rep1","rep1","P","SU",16.001,"Cyanidin.3.O.sambubioside.5.O.glucoside...Cyanidin.3.5.O.diglucoside",1.71,20
"349","ST1_rep2","rep2","1","ST",16.001,"Cyanidin.3.O.sambubioside.5.O.glucoside...Cyanidin.3.5.O.diglucoside",2,4
"350","ST2_rep2","rep2","2","ST",16.001,"Cyanidin.3.O.sambubioside.5.O.glucoside...Cyanidin.3.5.O.diglucoside",1.46,20
"351","STP_rep2","rep2","P","ST",16.001,"Cyanidin.3.O.sambubioside.5.O.glucoside...Cyanidin.3.5.O.diglucoside",2.18,4
"352","SU1_rep2","rep2","1","SU",16.001,"Cyanidin.3.O.sambubioside.5.O.glucoside...Cyanidin.3.5.O.diglucoside",1.49,20
"353","SU2_rep2","rep2","2","SU",16.001,"Cyanidin.3.O.sambubioside.5.O.glucoside...Cyanidin.3.5.O.diglucoside",1.88,4
"354","SUP_rep2","rep2","P","SU",16.001,"Cyanidin.3.O.sambubioside.5.O.glucoside...Cyanidin.3.5.O.diglucoside",1.88,20
"355","ST1_rep3","rep3","1","ST",16.001,"Cyanidin.3.O.sambubioside.5.O.glucoside...Cyanidin.3.5.O.diglucoside",1.96,4
"356","ST2_rep3","rep3","2","ST",16.001,"Cyanidin.3.O.sambubioside.5.O.glucoside...Cyanidin.3.5.O.diglucoside",1.6,20
"357","STP_rep3","rep3","P","ST",16.001,"Cyanidin.3.O.sambubioside.5.O.glucoside...Cyanidin.3.5.O.diglucoside",2.08,4
"358","SU1_rep3","rep3","1","SU",16.001,"Cyanidin.3.O.sambubioside.5.O.glucoside...Cyanidin.3.5.O.diglucoside",1.4,20
"359","SU2_rep3","rep3","2","SU",16.001,"Cyanidin.3.O.sambubioside.5.O.glucoside...Cyanidin.3.5.O.diglucoside",1.88,4
"360","SUP_rep3","rep3","P","SU",16.001,"Cyanidin.3.O.sambubioside.5.O.glucoside...Cyanidin.3.5.O.diglucoside",1.55,20
"361","ST1_rep1","rep1","1","ST",31.001,"Cyanidin.3.O.sambubioside.5.O.glucoside...Cyanidin.3.5.O.diglucoside",1.76,4
"362","ST2_rep1","rep1","2","ST",31.001,"Cyanidin.3.O.sambubioside.5.O.glucoside...Cyanidin.3.5.O.diglucoside",1.02,20
"363","STP_rep1","rep1","P","ST",31.001,"Cyanidin.3.O.sambubioside.5.O.glucoside...Cyanidin.3.5.O.diglucoside",2.04,4
"364","SU1_rep1","rep1","1","SU",31.001,"Cyanidin.3.O.sambubioside.5.O.glucoside...Cyanidin.3.5.O.diglucoside",0.98,20
"365","SU2_rep1","rep1","2","SU",31.001,"Cyanidin.3.O.sambubioside.5.O.glucoside...Cyanidin.3.5.O.diglucoside",1.81,4
"366","SUP_rep1","rep1","P","SU",31.001,"Cyanidin.3.O.sambubioside.5.O.glucoside...Cyanidin.3.5.O.diglucoside",1.04,20
"367","ST1_rep2","rep2","1","ST",31.001,"Cyanidin.3.O.sambubioside.5.O.glucoside...Cyanidin.3.5.O.diglucoside",1.83,4
"368","ST2_rep2","rep2","2","ST",31.001,"Cyanidin.3.O.sambubioside.5.O.glucoside...Cyanidin.3.5.O.diglucoside",1.03,20
"369","STP_rep2","rep2","P","ST",31.001,"Cyanidin.3.O.sambubioside.5.O.glucoside...Cyanidin.3.5.O.diglucoside",2.12,4
"370","SU1_rep2","rep2","1","SU",31.001,"Cyanidin.3.O.sambubioside.5.O.glucoside...Cyanidin.3.5.O.diglucoside",0.97,20
"371","SU2_rep2","rep2","2","SU",31.001,"Cyanidin.3.O.sambubioside.5.O.glucoside...Cyanidin.3.5.O.diglucoside",1.75,4
"372","SUP_rep2","rep2","P","SU",31.001,"Cyanidin.3.O.sambubioside.5.O.glucoside...Cyanidin.3.5.O.diglucoside",1.18,20
"373","ST1_rep3","rep3","1","ST",31.001,"Cyanidin.3.O.sambubioside.5.O.glucoside...Cyanidin.3.5.O.diglucoside",1.87,4
"374","ST2_rep3","rep3","2","ST",31.001,"Cyanidin.3.O.sambubioside.5.O.glucoside...Cyanidin.3.5.O.diglucoside",1.03,20
"375","STP_rep3","rep3","P","ST",31.001,"Cyanidin.3.O.sambubioside.5.O.glucoside...Cyanidin.3.5.O.diglucoside",2.03,4
"376","SU1_rep3","rep3","1","SU",31.001,"Cyanidin.3.O.sambubioside.5.O.glucoside...Cyanidin.3.5.O.diglucoside",1,20
"377","SU2_rep3","rep3","2","SU",31.001,"Cyanidin.3.O.sambubioside.5.O.glucoside...Cyanidin.3.5.O.diglucoside",1.77,4
"378","SUP_rep3","rep3","P","SU",31.001,"Cyanidin.3.O.sambubioside.5.O.glucoside...Cyanidin.3.5.O.diglucoside",1.08,20
"379","ST1_rep1","rep1","1","ST",46.001,"Cyanidin.3.O.sambubioside.5.O.glucoside...Cyanidin.3.5.O.diglucoside",1.76,4
"380","ST2_rep1","rep1","2","ST",46.001,"Cyanidin.3.O.sambubioside.5.O.glucoside...Cyanidin.3.5.O.diglucoside",0.85,20
"381","STP_rep1","rep1","P","ST",46.001,"Cyanidin.3.O.sambubioside.5.O.glucoside...Cyanidin.3.5.O.diglucoside",1.85,4
"382","SU1_rep1","rep1","1","SU",46.001,"Cyanidin.3.O.sambubioside.5.O.glucoside...Cyanidin.3.5.O.diglucoside",0.81,20
"383","SU2_rep1","rep1","2","SU",46.001,"Cyanidin.3.O.sambubioside.5.O.glucoside...Cyanidin.3.5.O.diglucoside",1.6,4
"384","SUP_rep1","rep1","P","SU",46.001,"Cyanidin.3.O.sambubioside.5.O.glucoside...Cyanidin.3.5.O.diglucoside",0.85,20
"385","ST1_rep2","rep2","1","ST",46.001,"Cyanidin.3.O.sambubioside.5.O.glucoside...Cyanidin.3.5.O.diglucoside",1.74,4
"386","ST2_rep2","rep2","2","ST",46.001,"Cyanidin.3.O.sambubioside.5.O.glucoside...Cyanidin.3.5.O.diglucoside",0.79,20
"387","STP_rep2","rep2","P","ST",46.001,"Cyanidin.3.O.sambubioside.5.O.glucoside...Cyanidin.3.5.O.diglucoside",1.9,4
"388","SU1_rep2","rep2","1","SU",46.001,"Cyanidin.3.O.sambubioside.5.O.glucoside...Cyanidin.3.5.O.diglucoside",0.85,20
"389","SU2_rep2","rep2","2","SU",46.001,"Cyanidin.3.O.sambubioside.5.O.glucoside...Cyanidin.3.5.O.diglucoside",1.57,4
"390","SUP_rep2","rep2","P","SU",46.001,"Cyanidin.3.O.sambubioside.5.O.glucoside...Cyanidin.3.5.O.diglucoside",0.83,20
"391","ST1_rep3","rep3","1","ST",46.001,"Cyanidin.3.O.sambubioside.5.O.glucoside...Cyanidin.3.5.O.diglucoside",1.75,4
"392","ST2_rep3","rep3","2","ST",46.001,"Cyanidin.3.O.sambubioside.5.O.glucoside...Cyanidin.3.5.O.diglucoside",0.85,20
"393","STP_rep3","rep3","P","ST",46.001,"Cyanidin.3.O.sambubioside.5.O.glucoside...Cyanidin.3.5.O.diglucoside",1.8,4
"394","SU1_rep3","rep3","1","SU",46.001,"Cyanidin.3.O.sambubioside.5.O.glucoside...Cyanidin.3.5.O.diglucoside",0.83,20
"395","SU2_rep3","rep3","2","SU",46.001,"Cyanidin.3.O.sambubioside.5.O.glucoside...Cyanidin.3.5.O.diglucoside",1.7,4
"396","SUP_rep3","rep3","P","SU",46.001,"Cyanidin.3.O.sambubioside.5.O.glucoside...Cyanidin.3.5.O.diglucoside",0.8,20
"397","ST1_rep1","rep1","1","ST",61.001,"Cyanidin.3.O.sambubioside.5.O.glucoside...Cyanidin.3.5.O.diglucoside",1.67,4
"398","ST2_rep1","rep1","2","ST",61.001,"Cyanidin.3.O.sambubioside.5.O.glucoside...Cyanidin.3.5.O.diglucoside",0.67,20
"399","STP_rep1","rep1","P","ST",61.001,"Cyanidin.3.O.sambubioside.5.O.glucoside...Cyanidin.3.5.O.diglucoside",1.77,4
"400","SU1_rep1","rep1","1","SU",61.001,"Cyanidin.3.O.sambubioside.5.O.glucoside...Cyanidin.3.5.O.diglucoside",0.66,20
"401","SU2_rep1","rep1","2","SU",61.001,"Cyanidin.3.O.sambubioside.5.O.glucoside...Cyanidin.3.5.O.diglucoside",1.57,4
"402","SUP_rep1","rep1","P","SU",61.001,"Cyanidin.3.O.sambubioside.5.O.glucoside...Cyanidin.3.5.O.diglucoside",0.7,20
"403","ST1_rep2","rep2","1","ST",61.001,"Cyanidin.3.O.sambubioside.5.O.glucoside...Cyanidin.3.5.O.diglucoside",1.64,4
"404","ST2_rep2","rep2","2","ST",61.001,"Cyanidin.3.O.sambubioside.5.O.glucoside...Cyanidin.3.5.O.diglucoside",0.64,20
"405","STP_rep2","rep2","P","ST",61.001,"Cyanidin.3.O.sambubioside.5.O.glucoside...Cyanidin.3.5.O.diglucoside",1.8,4
"406","SU1_rep2","rep2","1","SU",61.001,"Cyanidin.3.O.sambubioside.5.O.glucoside...Cyanidin.3.5.O.diglucoside",0.73,20
"407","SU2_rep2","rep2","2","SU",61.001,"Cyanidin.3.O.sambubioside.5.O.glucoside...Cyanidin.3.5.O.diglucoside",1.58,4
"408","SUP_rep2","rep2","P","SU",61.001,"Cyanidin.3.O.sambubioside.5.O.glucoside...Cyanidin.3.5.O.diglucoside",0.65,20
"409","ST1_rep3","rep3","1","ST",61.001,"Cyanidin.3.O.sambubioside.5.O.glucoside...Cyanidin.3.5.O.diglucoside",1.66,4
"410","ST2_rep3","rep3","2","ST",61.001,"Cyanidin.3.O.sambubioside.5.O.glucoside...Cyanidin.3.5.O.diglucoside",0.64,20
"411","STP_rep3","rep3","P","ST",61.001,"Cyanidin.3.O.sambubioside.5.O.glucoside...Cyanidin.3.5.O.diglucoside",1.67,4
"412","SU1_rep3","rep3","1","SU",61.001,"Cyanidin.3.O.sambubioside.5.O.glucoside...Cyanidin.3.5.O.diglucoside",0.67,20
"413","SU2_rep3","rep3","2","SU",61.001,"Cyanidin.3.O.sambubioside.5.O.glucoside...Cyanidin.3.5.O.diglucoside",1.48,4
"414","SUP_rep3","rep3","P","SU",61.001,"Cyanidin.3.O.sambubioside.5.O.glucoside...Cyanidin.3.5.O.diglucoside",0.65,20
"415","ST1_rep1","rep1","1","ST",91.001,"Cyanidin.3.O.sambubioside.5.O.glucoside...Cyanidin.3.5.O.diglucoside",1.64,4
"416","ST2_rep1","rep1","2","ST",91.001,"Cyanidin.3.O.sambubioside.5.O.glucoside...Cyanidin.3.5.O.diglucoside",0.47,20
"417","STP_rep1","rep1","P","ST",91.001,"Cyanidin.3.O.sambubioside.5.O.glucoside...Cyanidin.3.5.O.diglucoside",1.57,4
"418","SU1_rep1","rep1","1","SU",91.001,"Cyanidin.3.O.sambubioside.5.O.glucoside...Cyanidin.3.5.O.diglucoside",0.51,20
"419","SU2_rep1","rep1","2","SU",91.001,"Cyanidin.3.O.sambubioside.5.O.glucoside...Cyanidin.3.5.O.diglucoside",1.43,4
"420","SUP_rep1","rep1","P","SU",91.001,"Cyanidin.3.O.sambubioside.5.O.glucoside...Cyanidin.3.5.O.diglucoside",0.45,20
"421","ST1_rep2","rep2","1","ST",91.001,"Cyanidin.3.O.sambubioside.5.O.glucoside...Cyanidin.3.5.O.diglucoside",1.48,4
"422","ST2_rep2","rep2","2","ST",91.001,"Cyanidin.3.O.sambubioside.5.O.glucoside...Cyanidin.3.5.O.diglucoside",0.5,20
"423","STP_rep2","rep2","P","ST",91.001,"Cyanidin.3.O.sambubioside.5.O.glucoside...Cyanidin.3.5.O.diglucoside",1.54,4
"424","SU1_rep2","rep2","1","SU",91.001,"Cyanidin.3.O.sambubioside.5.O.glucoside...Cyanidin.3.5.O.diglucoside",0.5,20
"425","SU2_rep2","rep2","2","SU",91.001,"Cyanidin.3.O.sambubioside.5.O.glucoside...Cyanidin.3.5.O.diglucoside",1.45,4
"426","SUP_rep2","rep2","P","SU",91.001,"Cyanidin.3.O.sambubioside.5.O.glucoside...Cyanidin.3.5.O.diglucoside",0.49,20
"427","ST1_rep3","rep3","1","ST",91.001,"Cyanidin.3.O.sambubioside.5.O.glucoside...Cyanidin.3.5.O.diglucoside",1.39,4
"428","ST2_rep3","rep3","2","ST",91.001,"Cyanidin.3.O.sambubioside.5.O.glucoside...Cyanidin.3.5.O.diglucoside",0.47,20
"429","STP_rep3","rep3","P","ST",91.001,"Cyanidin.3.O.sambubioside.5.O.glucoside...Cyanidin.3.5.O.diglucoside",1.53,4
"430","SU1_rep3","rep3","1","SU",91.001,"Cyanidin.3.O.sambubioside.5.O.glucoside...Cyanidin.3.5.O.diglucoside",0.5,20
"431","SU2_rep3","rep3","2","SU",91.001,"Cyanidin.3.O.sambubioside.5.O.glucoside...Cyanidin.3.5.O.diglucoside",1.38,4
"432","SUP_rep3","rep3","P","SU",91.001,"Cyanidin.3.O.sambubioside.5.O.glucoside...Cyanidin.3.5.O.diglucoside",0.5,20
"433","ST1_rep1","rep1","1","ST",0.00099999999999989,"Delphinidin.3.O.sambubioside",1.73,4
"434","ST2_rep1","rep1","2","ST",0.00099999999999989,"Delphinidin.3.O.sambubioside",1.73,20
"435","STP_rep1","rep1","P","ST",0.00099999999999989,"Delphinidin.3.O.sambubioside",1.73,4
"436","SU1_rep1","rep1","1","SU",0.00099999999999989,"Delphinidin.3.O.sambubioside",1.55,20
"437","SU2_rep1","rep1","2","SU",0.00099999999999989,"Delphinidin.3.O.sambubioside",1.55,4
"438","SUP_rep1","rep1","P","SU",0.00099999999999989,"Delphinidin.3.O.sambubioside",1.55,20
"439","ST1_rep2","rep2","1","ST",0.00099999999999989,"Delphinidin.3.O.sambubioside",1.66,4
"440","ST2_rep2","rep2","2","ST",0.00099999999999989,"Delphinidin.3.O.sambubioside",1.66,20
"441","STP_rep2","rep2","P","ST",0.00099999999999989,"Delphinidin.3.O.sambubioside",1.66,4
"442","SU1_rep2","rep2","1","SU",0.00099999999999989,"Delphinidin.3.O.sambubioside",1.59,20
"443","SU2_rep2","rep2","2","SU",0.00099999999999989,"Delphinidin.3.O.sambubioside",1.59,4
"444","SUP_rep2","rep2","P","SU",0.00099999999999989,"Delphinidin.3.O.sambubioside",1.59,20
"445","ST1_rep3","rep3","1","ST",0.00099999999999989,"Delphinidin.3.O.sambubioside",1.65,4
"446","ST2_rep3","rep3","2","ST",0.00099999999999989,"Delphinidin.3.O.sambubioside",1.65,20
"447","STP_rep3","rep3","P","ST",0.00099999999999989,"Delphinidin.3.O.sambubioside",1.65,4
"448","SU1_rep3","rep3","1","SU",0.00099999999999989,"Delphinidin.3.O.sambubioside",1.52,20
"449","SU2_rep3","rep3","2","SU",0.00099999999999989,"Delphinidin.3.O.sambubioside",1.52,4
"450","SUP_rep3","rep3","P","SU",0.00099999999999989,"Delphinidin.3.O.sambubioside",1.52,20
"451","ST1_rep1","rep1","1","ST",1.001,"Delphinidin.3.O.sambubioside",1.55,4
"452","ST2_rep1","rep1","2","ST",1.001,"Delphinidin.3.O.sambubioside",1.56,20
"453","STP_rep1","rep1","P","ST",1.001,"Delphinidin.3.O.sambubioside",1.43,4
"454","SU1_rep1","rep1","1","SU",1.001,"Delphinidin.3.O.sambubioside",1.45,20
"455","SU2_rep1","rep1","2","SU",1.001,"Delphinidin.3.O.sambubioside",1.41,4
"456","SUP_rep1","rep1","P","SU",1.001,"Delphinidin.3.O.sambubioside",1.36,20
"457","ST1_rep2","rep2","1","ST",1.001,"Delphinidin.3.O.sambubioside",1.58,4
"458","ST2_rep2","rep2","2","ST",1.001,"Delphinidin.3.O.sambubioside",1.57,20
"459","STP_rep2","rep2","P","ST",1.001,"Delphinidin.3.O.sambubioside",1.4,4
"460","SU1_rep2","rep2","1","SU",1.001,"Delphinidin.3.O.sambubioside",1.46,20
"461","SU2_rep2","rep2","2","SU",1.001,"Delphinidin.3.O.sambubioside",1.45,4
"462","SUP_rep2","rep2","P","SU",1.001,"Delphinidin.3.O.sambubioside",1.36,20
"463","ST1_rep3","rep3","1","ST",1.001,"Delphinidin.3.O.sambubioside",1.44,4
"464","ST2_rep3","rep3","2","ST",1.001,"Delphinidin.3.O.sambubioside",1.46,20
"465","STP_rep3","rep3","P","ST",1.001,"Delphinidin.3.O.sambubioside",1.43,4
"466","SU1_rep3","rep3","1","SU",1.001,"Delphinidin.3.O.sambubioside",1.44,20
"467","SU2_rep3","rep3","2","SU",1.001,"Delphinidin.3.O.sambubioside",1.4,4
"468","SUP_rep3","rep3","P","SU",1.001,"Delphinidin.3.O.sambubioside",1.35,20
"469","ST1_rep1","rep1","1","ST",8.001,"Delphinidin.3.O.sambubioside",1.44,4
"470","ST2_rep1","rep1","2","ST",8.001,"Delphinidin.3.O.sambubioside",1.22,20
"471","STP_rep1","rep1","P","ST",8.001,"Delphinidin.3.O.sambubioside",1.42,4
"472","SU1_rep1","rep1","1","SU",8.001,"Delphinidin.3.O.sambubioside",1.27,20
"473","SU2_rep1","rep1","2","SU",8.001,"Delphinidin.3.O.sambubioside",1.35,4
"474","SUP_rep1","rep1","P","SU",8.001,"Delphinidin.3.O.sambubioside",1.15,20
"475","ST1_rep2","rep2","1","ST",8.001,"Delphinidin.3.O.sambubioside",1.46,4
"476","ST2_rep2","rep2","2","ST",8.001,"Delphinidin.3.O.sambubioside",1.27,20
"477","STP_rep2","rep2","P","ST",8.001,"Delphinidin.3.O.sambubioside",1.36,4
"478","SU1_rep2","rep2","1","SU",8.001,"Delphinidin.3.O.sambubioside",1.22,20
"479","SU2_rep2","rep2","2","SU",8.001,"Delphinidin.3.O.sambubioside",1.37,4
"480","SUP_rep2","rep2","P","SU",8.001,"Delphinidin.3.O.sambubioside",1.15,20
"481","ST1_rep3","rep3","1","ST",8.001,"Delphinidin.3.O.sambubioside",1.52,4
"482","ST2_rep3","rep3","2","ST",8.001,"Delphinidin.3.O.sambubioside",1.24,20
"483","STP_rep3","rep3","P","ST",8.001,"Delphinidin.3.O.sambubioside",1.38,4
"484","SU1_rep3","rep3","1","SU",8.001,"Delphinidin.3.O.sambubioside",1.17,20
"485","SU2_rep3","rep3","2","SU",8.001,"Delphinidin.3.O.sambubioside",1.38,4
"486","SUP_rep3","rep3","P","SU",8.001,"Delphinidin.3.O.sambubioside",1.17,20
"487","ST1_rep1","rep1","1","ST",16.001,"Delphinidin.3.O.sambubioside",1.43,4
"488","ST2_rep1","rep1","2","ST",16.001,"Delphinidin.3.O.sambubioside",1.06,20
"489","STP_rep1","rep1","P","ST",16.001,"Delphinidin.3.O.sambubioside",1.34,4
"490","SU1_rep1","rep1","1","SU",16.001,"Delphinidin.3.O.sambubioside",1.34,20
"491","SU2_rep1","rep1","2","SU",16.001,"Delphinidin.3.O.sambubioside",1.29,4
"492","SUP_rep1","rep1","P","SU",16.001,"Delphinidin.3.O.sambubioside",0.98,20
"493","ST1_rep2","rep2","1","ST",16.001,"Delphinidin.3.O.sambubioside",1.41,4
"494","ST2_rep2","rep2","2","ST",16.001,"Delphinidin.3.O.sambubioside",1.04,20
"495","STP_rep2","rep2","P","ST",16.001,"Delphinidin.3.O.sambubioside",1.41,4
"496","SU1_rep2","rep2","1","SU",16.001,"Delphinidin.3.O.sambubioside",1.02,20
"497","SU2_rep2","rep2","2","SU",16.001,"Delphinidin.3.O.sambubioside",1.28,4
"498","SUP_rep2","rep2","P","SU",16.001,"Delphinidin.3.O.sambubioside",1.18,20
"499","ST1_rep3","rep3","1","ST",16.001,"Delphinidin.3.O.sambubioside",1.36,4
"500","ST2_rep3","rep3","2","ST",16.001,"Delphinidin.3.O.sambubioside",1.15,20
"501","STP_rep3","rep3","P","ST",16.001,"Delphinidin.3.O.sambubioside",1.31,4
"502","SU1_rep3","rep3","1","SU",16.001,"Delphinidin.3.O.sambubioside",0.95,20
"503","SU2_rep3","rep3","2","SU",16.001,"Delphinidin.3.O.sambubioside",1.25,4
"504","SUP_rep3","rep3","P","SU",16.001,"Delphinidin.3.O.sambubioside",0.92,20
"505","ST1_rep1","rep1","1","ST",31.001,"Delphinidin.3.O.sambubioside",1.25,4
"506","ST2_rep1","rep1","2","ST",31.001,"Delphinidin.3.O.sambubioside",0.62,20
"507","STP_rep1","rep1","P","ST",31.001,"Delphinidin.3.O.sambubioside",1.15,4
"508","SU1_rep1","rep1","1","SU",31.001,"Delphinidin.3.O.sambubioside",0.51,20
"509","SU2_rep1","rep1","2","SU",31.001,"Delphinidin.3.O.sambubioside",1.19,4
"510","SUP_rep1","rep1","P","SU",31.001,"Delphinidin.3.O.sambubioside",0.61,20
"511","ST1_rep2","rep2","1","ST",31.001,"Delphinidin.3.O.sambubioside",1.21,4
"512","ST2_rep2","rep2","2","ST",31.001,"Delphinidin.3.O.sambubioside",0.64,20
"513","STP_rep2","rep2","P","ST",31.001,"Delphinidin.3.O.sambubioside",1.26,4
"514","SU1_rep2","rep2","1","SU",31.001,"Delphinidin.3.O.sambubioside",0.49,20
"515","SU2_rep2","rep2","2","SU",31.001,"Delphinidin.3.O.sambubioside",1.15,4
"516","SUP_rep2","rep2","P","SU",31.001,"Delphinidin.3.O.sambubioside",0.75,20
"517","ST1_rep3","rep3","1","ST",31.001,"Delphinidin.3.O.sambubioside",1.25,4
"518","ST2_rep3","rep3","2","ST",31.001,"Delphinidin.3.O.sambubioside",0.62,20
"519","STP_rep3","rep3","P","ST",31.001,"Delphinidin.3.O.sambubioside",1.29,4
"520","SU1_rep3","rep3","1","SU",31.001,"Delphinidin.3.O.sambubioside",0.59,20
"521","SU2_rep3","rep3","2","SU",31.001,"Delphinidin.3.O.sambubioside",1.18,4
"522","SUP_rep3","rep3","P","SU",31.001,"Delphinidin.3.O.sambubioside",0.67,20
"523","ST1_rep1","rep1","1","ST",46.001,"Delphinidin.3.O.sambubioside",1.19,4
"524","ST2_rep1","rep1","2","ST",46.001,"Delphinidin.3.O.sambubioside",0.47,20
"525","STP_rep1","rep1","P","ST",46.001,"Delphinidin.3.O.sambubioside",1.06,4
"526","SU1_rep1","rep1","1","SU",46.001,"Delphinidin.3.O.sambubioside",0.4,20
"527","SU2_rep1","rep1","2","SU",46.001,"Delphinidin.3.O.sambubioside",1.05,4
"528","SUP_rep1","rep1","P","SU",46.001,"Delphinidin.3.O.sambubioside",0.36,20
"529","ST1_rep2","rep2","1","ST",46.001,"Delphinidin.3.O.sambubioside",1.2,4
"530","ST2_rep2","rep2","2","ST",46.001,"Delphinidin.3.O.sambubioside",0.45,20
"531","STP_rep2","rep2","P","ST",46.001,"Delphinidin.3.O.sambubioside",1.17,4
"532","SU1_rep2","rep2","1","SU",46.001,"Delphinidin.3.O.sambubioside",0.43,20
"533","SU2_rep2","rep2","2","SU",46.001,"Delphinidin.3.O.sambubioside",1,4
"534","SUP_rep2","rep2","P","SU",46.001,"Delphinidin.3.O.sambubioside",0.37,20
"535","ST1_rep3","rep3","1","ST",46.001,"Delphinidin.3.O.sambubioside",1.18,4
"536","ST2_rep3","rep3","2","ST",46.001,"Delphinidin.3.O.sambubioside",0.43,20
"537","STP_rep3","rep3","P","ST",46.001,"Delphinidin.3.O.sambubioside",1.07,4
"538","SU1_rep3","rep3","1","SU",46.001,"Delphinidin.3.O.sambubioside",0.45,20
"539","SU2_rep3","rep3","2","SU",46.001,"Delphinidin.3.O.sambubioside",1.08,4
"540","SUP_rep3","rep3","P","SU",46.001,"Delphinidin.3.O.sambubioside",0.38,20
"541","ST1_rep1","rep1","1","ST",61.001,"Delphinidin.3.O.sambubioside",1.03,4
"542","ST2_rep1","rep1","2","ST",61.001,"Delphinidin.3.O.sambubioside",0.3,20
"543","STP_rep1","rep1","P","ST",61.001,"Delphinidin.3.O.sambubioside",1.07,4
"544","SU1_rep1","rep1","1","SU",61.001,"Delphinidin.3.O.sambubioside",0.27,20
"545","SU2_rep1","rep1","2","SU",61.001,"Delphinidin.3.O.sambubioside",0.98,4
"546","SUP_rep1","rep1","P","SU",61.001,"Delphinidin.3.O.sambubioside",0.37,20
"547","ST1_rep2","rep2","1","ST",61.001,"Delphinidin.3.O.sambubioside",1.08,4
"548","ST2_rep2","rep2","2","ST",61.001,"Delphinidin.3.O.sambubioside",0.3,20
"549","STP_rep2","rep2","P","ST",61.001,"Delphinidin.3.O.sambubioside",1.06,4
"550","SU1_rep2","rep2","1","SU",61.001,"Delphinidin.3.O.sambubioside",0.31,20
"551","SU2_rep2","rep2","2","SU",61.001,"Delphinidin.3.O.sambubioside",0.96,4
"552","SUP_rep2","rep2","P","SU",61.001,"Delphinidin.3.O.sambubioside",0.36,20
"553","ST1_rep3","rep3","1","ST",61.001,"Delphinidin.3.O.sambubioside",1.11,4
"554","ST2_rep3","rep3","2","ST",61.001,"Delphinidin.3.O.sambubioside",0.29,20
"555","STP_rep3","rep3","P","ST",61.001,"Delphinidin.3.O.sambubioside",0.97,4
"556","SU1_rep3","rep3","1","SU",61.001,"Delphinidin.3.O.sambubioside",0.3,20
"557","SU2_rep3","rep3","2","SU",61.001,"Delphinidin.3.O.sambubioside",0.9,4
"558","SUP_rep3","rep3","P","SU",61.001,"Delphinidin.3.O.sambubioside",0.35,20
"559","ST1_rep1","rep1","1","ST",91.001,"Delphinidin.3.O.sambubioside",1.08,4
"560","ST2_rep1","rep1","2","ST",91.001,"Delphinidin.3.O.sambubioside",0.23,20
"561","STP_rep1","rep1","P","ST",91.001,"Delphinidin.3.O.sambubioside",0.88,4
"562","SU1_rep1","rep1","1","SU",91.001,"Delphinidin.3.O.sambubioside",0.18,20
"563","SU2_rep1","rep1","2","SU",91.001,"Delphinidin.3.O.sambubioside",0.86,4
"564","SUP_rep1","rep1","P","SU",91.001,"Delphinidin.3.O.sambubioside",0.19,20
"565","ST1_rep2","rep2","1","ST",91.001,"Delphinidin.3.O.sambubioside",0.95,4
"566","ST2_rep2","rep2","2","ST",91.001,"Delphinidin.3.O.sambubioside",0.19,20
"567","STP_rep2","rep2","P","ST",91.001,"Delphinidin.3.O.sambubioside",0.86,4
"568","SU1_rep2","rep2","1","SU",91.001,"Delphinidin.3.O.sambubioside",0.15,20
"569","SU2_rep2","rep2","2","SU",91.001,"Delphinidin.3.O.sambubioside",0.85,4
"570","SUP_rep2","rep2","P","SU",91.001,"Delphinidin.3.O.sambubioside",0.16,20
"571","ST1_rep3","rep3","1","ST",91.001,"Delphinidin.3.O.sambubioside",0.89,4
"572","ST2_rep3","rep3","2","ST",91.001,"Delphinidin.3.O.sambubioside",0.18,20
"573","STP_rep3","rep3","P","ST",91.001,"Delphinidin.3.O.sambubioside",0.87,4
"574","SU1_rep3","rep3","1","SU",91.001,"Delphinidin.3.O.sambubioside",0.18,20
"575","SU2_rep3","rep3","2","SU",91.001,"Delphinidin.3.O.sambubioside",0.81,4
"576","SUP_rep3","rep3","P","SU",91.001,"Delphinidin.3.O.sambubioside",0.18,20
"577","ST1_rep1","rep1","1","ST",0.00099999999999989,"Delphinidin.3.O.glucoside",4.28,4
"578","ST2_rep1","rep1","2","ST",0.00099999999999989,"Delphinidin.3.O.glucoside",4.28,20
"579","STP_rep1","rep1","P","ST",0.00099999999999989,"Delphinidin.3.O.glucoside",4.28,4
"580","SU1_rep1","rep1","1","SU",0.00099999999999989,"Delphinidin.3.O.glucoside",3.98,20
"581","SU2_rep1","rep1","2","SU",0.00099999999999989,"Delphinidin.3.O.glucoside",3.98,4
"582","SUP_rep1","rep1","P","SU",0.00099999999999989,"Delphinidin.3.O.glucoside",3.98,20
"583","ST1_rep2","rep2","1","ST",0.00099999999999989,"Delphinidin.3.O.glucoside",4.21,4
"584","ST2_rep2","rep2","2","ST",0.00099999999999989,"Delphinidin.3.O.glucoside",4.21,20
"585","STP_rep2","rep2","P","ST",0.00099999999999989,"Delphinidin.3.O.glucoside",4.21,4
"586","SU1_rep2","rep2","1","SU",0.00099999999999989,"Delphinidin.3.O.glucoside",4.01,20
"587","SU2_rep2","rep2","2","SU",0.00099999999999989,"Delphinidin.3.O.glucoside",4.01,4
"588","SUP_rep2","rep2","P","SU",0.00099999999999989,"Delphinidin.3.O.glucoside",4.01,20
"589","ST1_rep3","rep3","1","ST",0.00099999999999989,"Delphinidin.3.O.glucoside",4.15,4
"590","ST2_rep3","rep3","2","ST",0.00099999999999989,"Delphinidin.3.O.glucoside",4.15,20
"591","STP_rep3","rep3","P","ST",0.00099999999999989,"Delphinidin.3.O.glucoside",4.15,4
"592","SU1_rep3","rep3","1","SU",0.00099999999999989,"Delphinidin.3.O.glucoside",3.91,20
"593","SU2_rep3","rep3","2","SU",0.00099999999999989,"Delphinidin.3.O.glucoside",3.91,4
"594","SUP_rep3","rep3","P","SU",0.00099999999999989,"Delphinidin.3.O.glucoside",3.91,20
"595","ST1_rep1","rep1","1","ST",1.001,"Delphinidin.3.O.glucoside",3.83,4
"596","ST2_rep1","rep1","2","ST",1.001,"Delphinidin.3.O.glucoside",3.79,20
"597","STP_rep1","rep1","P","ST",1.001,"Delphinidin.3.O.glucoside",4.36,4
"598","SU1_rep1","rep1","1","SU",1.001,"Delphinidin.3.O.glucoside",3.48,20
"599","SU2_rep1","rep1","2","SU",1.001,"Delphinidin.3.O.glucoside",3.41,4
"600","SUP_rep1","rep1","P","SU",1.001,"Delphinidin.3.O.glucoside",4.05,20
"601","ST1_rep2","rep2","1","ST",1.001,"Delphinidin.3.O.glucoside",3.76,4
"602","ST2_rep2","rep2","2","ST",1.001,"Delphinidin.3.O.glucoside",3.76,20
"603","STP_rep2","rep2","P","ST",1.001,"Delphinidin.3.O.glucoside",4.36,4
"604","SU1_rep2","rep2","1","SU",1.001,"Delphinidin.3.O.glucoside",3.35,20
"605","SU2_rep2","rep2","2","SU",1.001,"Delphinidin.3.O.glucoside",3.46,4
"606","SUP_rep2","rep2","P","SU",1.001,"Delphinidin.3.O.glucoside",4.02,20
"607","ST1_rep3","rep3","1","ST",1.001,"Delphinidin.3.O.glucoside",3.71,4
"608","ST2_rep3","rep3","2","ST",1.001,"Delphinidin.3.O.glucoside",3.66,20
"609","STP_rep3","rep3","P","ST",1.001,"Delphinidin.3.O.glucoside",4.26,4
"610","SU1_rep3","rep3","1","SU",1.001,"Delphinidin.3.O.glucoside",3.57,20
"611","SU2_rep3","rep3","2","SU",1.001,"Delphinidin.3.O.glucoside",3.42,4
"612","SUP_rep3","rep3","P","SU",1.001,"Delphinidin.3.O.glucoside",3.95,20
"613","ST1_rep1","rep1","1","ST",8.001,"Delphinidin.3.O.glucoside",3.43,4
"614","ST2_rep1","rep1","2","ST",8.001,"Delphinidin.3.O.glucoside",2.92,20
"615","STP_rep1","rep1","P","ST",8.001,"Delphinidin.3.O.glucoside",4.04,4
"616","SU1_rep1","rep1","1","SU",8.001,"Delphinidin.3.O.glucoside",2.85,20
"617","SU2_rep1","rep1","2","SU",8.001,"Delphinidin.3.O.glucoside",3.38,4
"618","SUP_rep1","rep1","P","SU",8.001,"Delphinidin.3.O.glucoside",3.05,20
"619","ST1_rep2","rep2","1","ST",8.001,"Delphinidin.3.O.glucoside",3.45,4
"620","ST2_rep2","rep2","2","ST",8.001,"Delphinidin.3.O.glucoside",2.93,20
"621","STP_rep2","rep2","P","ST",8.001,"Delphinidin.3.O.glucoside",3.93,4
"622","SU1_rep2","rep2","1","SU",8.001,"Delphinidin.3.O.glucoside",2.76,20
"623","SU2_rep2","rep2","2","SU",8.001,"Delphinidin.3.O.glucoside",3.21,4
"624","SUP_rep2","rep2","P","SU",8.001,"Delphinidin.3.O.glucoside",3.04,20
"625","ST1_rep3","rep3","1","ST",8.001,"Delphinidin.3.O.glucoside",3.56,4
"626","ST2_rep3","rep3","2","ST",8.001,"Delphinidin.3.O.glucoside",2.84,20
"627","STP_rep3","rep3","P","ST",8.001,"Delphinidin.3.O.glucoside",3.92,4
"628","SU1_rep3","rep3","1","SU",8.001,"Delphinidin.3.O.glucoside",2.67,20
"629","SU2_rep3","rep3","2","SU",8.001,"Delphinidin.3.O.glucoside",3.23,4
"630","SUP_rep3","rep3","P","SU",8.001,"Delphinidin.3.O.glucoside",3.09,20
"631","ST1_rep1","rep1","1","ST",16.001,"Delphinidin.3.O.glucoside",3.37,4
"632","ST2_rep1","rep1","2","ST",16.001,"Delphinidin.3.O.glucoside",2.31,20
"633","STP_rep1","rep1","P","ST",16.001,"Delphinidin.3.O.glucoside",3.85,4
"634","SU1_rep1","rep1","1","SU",16.001,"Delphinidin.3.O.glucoside",3.23,20
"635","SU2_rep1","rep1","2","SU",16.001,"Delphinidin.3.O.glucoside",3.03,4
"636","SUP_rep1","rep1","P","SU",16.001,"Delphinidin.3.O.glucoside",2.51,20
"637","ST1_rep2","rep2","1","ST",16.001,"Delphinidin.3.O.glucoside",3.36,4
"638","ST2_rep2","rep2","2","ST",16.001,"Delphinidin.3.O.glucoside",2.28,20
"639","STP_rep2","rep2","P","ST",16.001,"Delphinidin.3.O.glucoside",4.01,4
"640","SU1_rep2","rep2","1","SU",16.001,"Delphinidin.3.O.glucoside",2.11,20
"641","SU2_rep2","rep2","2","SU",16.001,"Delphinidin.3.O.glucoside",2.98,4
"642","SUP_rep2","rep2","P","SU",16.001,"Delphinidin.3.O.glucoside",2.93,20
"643","ST1_rep3","rep3","1","ST",16.001,"Delphinidin.3.O.glucoside",3.33,4
"644","ST2_rep3","rep3","2","ST",16.001,"Delphinidin.3.O.glucoside",2.39,20
"645","STP_rep3","rep3","P","ST",16.001,"Delphinidin.3.O.glucoside",3.78,4
"646","SU1_rep3","rep3","1","SU",16.001,"Delphinidin.3.O.glucoside",1.98,20
"647","SU2_rep3","rep3","2","SU",16.001,"Delphinidin.3.O.glucoside",2.91,4
"648","SUP_rep3","rep3","P","SU",16.001,"Delphinidin.3.O.glucoside",2.22,20
"649","ST1_rep1","rep1","1","ST",31.001,"Delphinidin.3.O.glucoside",2.89,4
"650","ST2_rep1","rep1","2","ST",31.001,"Delphinidin.3.O.glucoside",1.27,20
"651","STP_rep1","rep1","P","ST",31.001,"Delphinidin.3.O.glucoside",3.43,4
"652","SU1_rep1","rep1","1","SU",31.001,"Delphinidin.3.O.glucoside",1,20
"653","SU2_rep1","rep1","2","SU",31.001,"Delphinidin.3.O.glucoside",2.76,4
"654","SUP_rep1","rep1","P","SU",31.001,"Delphinidin.3.O.glucoside",0.97,20
"655","ST1_rep2","rep2","1","ST",31.001,"Delphinidin.3.O.glucoside",2.98,4
"656","ST2_rep2","rep2","2","ST",31.001,"Delphinidin.3.O.glucoside",1.26,20
"657","STP_rep2","rep2","P","ST",31.001,"Delphinidin.3.O.glucoside",3.54,4
"658","SU1_rep2","rep2","1","SU",31.001,"Delphinidin.3.O.glucoside",0.97,20
"659","SU2_rep2","rep2","2","SU",31.001,"Delphinidin.3.O.glucoside",2.6,4
"660","SUP_rep2","rep2","P","SU",31.001,"Delphinidin.3.O.glucoside",1.48,20
"661","ST1_rep3","rep3","1","ST",31.001,"Delphinidin.3.O.glucoside",2.97,4
"662","ST2_rep3","rep3","2","ST",31.001,"Delphinidin.3.O.glucoside",1.23,20
"663","STP_rep3","rep3","P","ST",31.001,"Delphinidin.3.O.glucoside",3.53,4
"664","SU1_rep3","rep3","1","SU",31.001,"Delphinidin.3.O.glucoside",1.1,20
"665","SU2_rep3","rep3","2","SU",31.001,"Delphinidin.3.O.glucoside",2.67,4
"666","SUP_rep3","rep3","P","SU",31.001,"Delphinidin.3.O.glucoside",1.28,20
"667","ST1_rep1","rep1","1","ST",46.001,"Delphinidin.3.O.glucoside",2.87,4
"668","ST2_rep1","rep1","2","ST",46.001,"Delphinidin.3.O.glucoside",0.94,20
"669","STP_rep1","rep1","P","ST",46.001,"Delphinidin.3.O.glucoside",3.03,4
"670","SU1_rep1","rep1","1","SU",46.001,"Delphinidin.3.O.glucoside",0.84,20
"671","SU2_rep1","rep1","2","SU",46.001,"Delphinidin.3.O.glucoside",2.42,4
"672","SUP_rep1","rep1","P","SU",46.001,"Delphinidin.3.O.glucoside",0.67,20
"673","ST1_rep2","rep2","1","ST",46.001,"Delphinidin.3.O.glucoside",2.77,4
"674","ST2_rep2","rep2","2","ST",46.001,"Delphinidin.3.O.glucoside",0.89,20
"675","STP_rep2","rep2","P","ST",46.001,"Delphinidin.3.O.glucoside",3.22,4
"676","SU1_rep2","rep2","1","SU",46.001,"Delphinidin.3.O.glucoside",0.87,20
"677","SU2_rep2","rep2","2","SU",46.001,"Delphinidin.3.O.glucoside",2.32,4
"678","SUP_rep2","rep2","P","SU",46.001,"Delphinidin.3.O.glucoside",0.66,20
"679","ST1_rep3","rep3","1","ST",46.001,"Delphinidin.3.O.glucoside",2.78,4
"680","ST2_rep3","rep3","2","ST",46.001,"Delphinidin.3.O.glucoside",0.88,20
"681","STP_rep3","rep3","P","ST",46.001,"Delphinidin.3.O.glucoside",2.95,4
"682","SU1_rep3","rep3","1","SU",46.001,"Delphinidin.3.O.glucoside",0.85,20
"683","SU2_rep3","rep3","2","SU",46.001,"Delphinidin.3.O.glucoside",2.5,4
"684","SUP_rep3","rep3","P","SU",46.001,"Delphinidin.3.O.glucoside",0.67,20
"685","ST1_rep1","rep1","1","ST",61.001,"Delphinidin.3.O.glucoside",2.36,4
"686","ST2_rep1","rep1","2","ST",61.001,"Delphinidin.3.O.glucoside",0.69,20
"687","STP_rep1","rep1","P","ST",61.001,"Delphinidin.3.O.glucoside",2.79,4
"688","SU1_rep1","rep1","1","SU",61.001,"Delphinidin.3.O.glucoside",0.58,20
"689","SU2_rep1","rep1","2","SU",61.001,"Delphinidin.3.O.glucoside",2.27,4
"690","SUP_rep1","rep1","P","SU",61.001,"Delphinidin.3.O.glucoside",0.64,20
"691","ST1_rep2","rep2","1","ST",61.001,"Delphinidin.3.O.glucoside",2.43,4
"692","ST2_rep2","rep2","2","ST",61.001,"Delphinidin.3.O.glucoside",0.63,20
"693","STP_rep2","rep2","P","ST",61.001,"Delphinidin.3.O.glucoside",2.84,4
"694","SU1_rep2","rep2","1","SU",61.001,"Delphinidin.3.O.glucoside",0.64,20
"695","SU2_rep2","rep2","2","SU",61.001,"Delphinidin.3.O.glucoside",2.13,4
"696","SUP_rep2","rep2","P","SU",61.001,"Delphinidin.3.O.glucoside",0.6,20
"697","ST1_rep3","rep3","1","ST",61.001,"Delphinidin.3.O.glucoside",2.44,4
"698","ST2_rep3","rep3","2","ST",61.001,"Delphinidin.3.O.glucoside",0.63,20
"699","STP_rep3","rep3","P","ST",61.001,"Delphinidin.3.O.glucoside",2.59,4
"700","SU1_rep3","rep3","1","SU",61.001,"Delphinidin.3.O.glucoside",0.58,20
"701","SU2_rep3","rep3","2","SU",61.001,"Delphinidin.3.O.glucoside",2.04,4
"702","SUP_rep3","rep3","P","SU",61.001,"Delphinidin.3.O.glucoside",0.61,20
"703","ST1_rep1","rep1","1","ST",91.001,"Delphinidin.3.O.glucoside",2.43,4
"704","ST2_rep1","rep1","2","ST",91.001,"Delphinidin.3.O.glucoside",0.49,20
"705","STP_rep1","rep1","P","ST",91.001,"Delphinidin.3.O.glucoside",2.31,4
"706","SU1_rep1","rep1","1","SU",91.001,"Delphinidin.3.O.glucoside",0.41,20
"707","SU2_rep1","rep1","2","SU",91.001,"Delphinidin.3.O.glucoside",1.89,4
"708","SUP_rep1","rep1","P","SU",91.001,"Delphinidin.3.O.glucoside",0.39,20
"709","ST1_rep2","rep2","1","ST",91.001,"Delphinidin.3.O.glucoside",2.1,4
"710","ST2_rep2","rep2","2","ST",91.001,"Delphinidin.3.O.glucoside",0.46,20
"711","STP_rep2","rep2","P","ST",91.001,"Delphinidin.3.O.glucoside",2.18,4
"712","SU1_rep2","rep2","1","SU",91.001,"Delphinidin.3.O.glucoside",0.4,20
"713","SU2_rep2","rep2","2","SU",91.001,"Delphinidin.3.O.glucoside",1.83,4
"714","SUP_rep2","rep2","P","SU",91.001,"Delphinidin.3.O.glucoside",0.38,20
"715","ST1_rep3","rep3","1","ST",91.001,"Delphinidin.3.O.glucoside",1.98,4
"716","ST2_rep3","rep3","2","ST",91.001,"Delphinidin.3.O.glucoside",0.44,20
"717","STP_rep3","rep3","P","ST",91.001,"Delphinidin.3.O.glucoside",2.13,4
"718","SU1_rep3","rep3","1","SU",91.001,"Delphinidin.3.O.glucoside",0.43,20
"719","SU2_rep3","rep3","2","SU",91.001,"Delphinidin.3.O.glucoside",1.79,4
"720","SUP_rep3","rep3","P","SU",91.001,"Delphinidin.3.O.glucoside",0.43,20
"721","ST1_rep1","rep1","1","ST",0.00099999999999989,"Cyanidin.3.O.sambubioside..Cyanidin.3.O.glucoside",1.52,4
"722","ST2_rep1","rep1","2","ST",0.00099999999999989,"Cyanidin.3.O.sambubioside..Cyanidin.3.O.glucoside",1.52,20
"723","STP_rep1","rep1","P","ST",0.00099999999999989,"Cyanidin.3.O.sambubioside..Cyanidin.3.O.glucoside",1.52,4
"724","SU1_rep1","rep1","1","SU",0.00099999999999989,"Cyanidin.3.O.sambubioside..Cyanidin.3.O.glucoside",1.5,20
"725","SU2_rep1","rep1","2","SU",0.00099999999999989,"Cyanidin.3.O.sambubioside..Cyanidin.3.O.glucoside",1.5,4
"726","SUP_rep1","rep1","P","SU",0.00099999999999989,"Cyanidin.3.O.sambubioside..Cyanidin.3.O.glucoside",1.5,20
"727","ST1_rep2","rep2","1","ST",0.00099999999999989,"Cyanidin.3.O.sambubioside..Cyanidin.3.O.glucoside",1.5,4
"728","ST2_rep2","rep2","2","ST",0.00099999999999989,"Cyanidin.3.O.sambubioside..Cyanidin.3.O.glucoside",1.5,20
"729","STP_rep2","rep2","P","ST",0.00099999999999989,"Cyanidin.3.O.sambubioside..Cyanidin.3.O.glucoside",1.5,4
"730","SU1_rep2","rep2","1","SU",0.00099999999999989,"Cyanidin.3.O.sambubioside..Cyanidin.3.O.glucoside",1.4,20
"731","SU2_rep2","rep2","2","SU",0.00099999999999989,"Cyanidin.3.O.sambubioside..Cyanidin.3.O.glucoside",1.4,4
"732","SUP_rep2","rep2","P","SU",0.00099999999999989,"Cyanidin.3.O.sambubioside..Cyanidin.3.O.glucoside",1.4,20
"733","ST1_rep3","rep3","1","ST",0.00099999999999989,"Cyanidin.3.O.sambubioside..Cyanidin.3.O.glucoside",1.44,4
"734","ST2_rep3","rep3","2","ST",0.00099999999999989,"Cyanidin.3.O.sambubioside..Cyanidin.3.O.glucoside",1.44,20
"735","STP_rep3","rep3","P","ST",0.00099999999999989,"Cyanidin.3.O.sambubioside..Cyanidin.3.O.glucoside",1.44,4
"736","SU1_rep3","rep3","1","SU",0.00099999999999989,"Cyanidin.3.O.sambubioside..Cyanidin.3.O.glucoside",1.42,20
"737","SU2_rep3","rep3","2","SU",0.00099999999999989,"Cyanidin.3.O.sambubioside..Cyanidin.3.O.glucoside",1.42,4
"738","SUP_rep3","rep3","P","SU",0.00099999999999989,"Cyanidin.3.O.sambubioside..Cyanidin.3.O.glucoside",1.42,20
"739","ST1_rep1","rep1","1","ST",1.001,"Cyanidin.3.O.sambubioside..Cyanidin.3.O.glucoside",1.33,4
"740","ST2_rep1","rep1","2","ST",1.001,"Cyanidin.3.O.sambubioside..Cyanidin.3.O.glucoside",1.37,20
"741","STP_rep1","rep1","P","ST",1.001,"Cyanidin.3.O.sambubioside..Cyanidin.3.O.glucoside",1.36,4
"742","SU1_rep1","rep1","1","SU",1.001,"Cyanidin.3.O.sambubioside..Cyanidin.3.O.glucoside",1.28,20
"743","SU2_rep1","rep1","2","SU",1.001,"Cyanidin.3.O.sambubioside..Cyanidin.3.O.glucoside",1.24,4
"744","SUP_rep1","rep1","P","SU",1.001,"Cyanidin.3.O.sambubioside..Cyanidin.3.O.glucoside",1.25,20
"745","ST1_rep2","rep2","1","ST",1.001,"Cyanidin.3.O.sambubioside..Cyanidin.3.O.glucoside",1.37,4
"746","ST2_rep2","rep2","2","ST",1.001,"Cyanidin.3.O.sambubioside..Cyanidin.3.O.glucoside",1.31,20
"747","STP_rep2","rep2","P","ST",1.001,"Cyanidin.3.O.sambubioside..Cyanidin.3.O.glucoside",1.31,4
"748","SU1_rep2","rep2","1","SU",1.001,"Cyanidin.3.O.sambubioside..Cyanidin.3.O.glucoside",1.19,20
"749","SU2_rep2","rep2","2","SU",1.001,"Cyanidin.3.O.sambubioside..Cyanidin.3.O.glucoside",1.28,4
"750","SUP_rep2","rep2","P","SU",1.001,"Cyanidin.3.O.sambubioside..Cyanidin.3.O.glucoside",1.24,20
"751","ST1_rep3","rep3","1","ST",1.001,"Cyanidin.3.O.sambubioside..Cyanidin.3.O.glucoside",1.29,4
"752","ST2_rep3","rep3","2","ST",1.001,"Cyanidin.3.O.sambubioside..Cyanidin.3.O.glucoside",1.31,20
"753","STP_rep3","rep3","P","ST",1.001,"Cyanidin.3.O.sambubioside..Cyanidin.3.O.glucoside",1.33,4
"754","SU1_rep3","rep3","1","SU",1.001,"Cyanidin.3.O.sambubioside..Cyanidin.3.O.glucoside",1.24,20
"755","SU2_rep3","rep3","2","SU",1.001,"Cyanidin.3.O.sambubioside..Cyanidin.3.O.glucoside",1.26,4
"756","SUP_rep3","rep3","P","SU",1.001,"Cyanidin.3.O.sambubioside..Cyanidin.3.O.glucoside",1.24,20
"757","ST1_rep1","rep1","1","ST",8.001,"Cyanidin.3.O.sambubioside..Cyanidin.3.O.glucoside",1.26,4
"758","ST2_rep1","rep1","2","ST",8.001,"Cyanidin.3.O.sambubioside..Cyanidin.3.O.glucoside",1.07,20
"759","STP_rep1","rep1","P","ST",8.001,"Cyanidin.3.O.sambubioside..Cyanidin.3.O.glucoside",1.29,4
"760","SU1_rep1","rep1","1","SU",8.001,"Cyanidin.3.O.sambubioside..Cyanidin.3.O.glucoside",1.03,20
"761","SU2_rep1","rep1","2","SU",8.001,"Cyanidin.3.O.sambubioside..Cyanidin.3.O.glucoside",1.15,4
"762","SUP_rep1","rep1","P","SU",8.001,"Cyanidin.3.O.sambubioside..Cyanidin.3.O.glucoside",1,20
"763","ST1_rep2","rep2","1","ST",8.001,"Cyanidin.3.O.sambubioside..Cyanidin.3.O.glucoside",1.22,4
"764","ST2_rep2","rep2","2","ST",8.001,"Cyanidin.3.O.sambubioside..Cyanidin.3.O.glucoside",1.07,20
"765","STP_rep2","rep2","P","ST",8.001,"Cyanidin.3.O.sambubioside..Cyanidin.3.O.glucoside",1.27,4
"766","SU1_rep2","rep2","1","SU",8.001,"Cyanidin.3.O.sambubioside..Cyanidin.3.O.glucoside",1.03,20
"767","SU2_rep2","rep2","2","SU",8.001,"Cyanidin.3.O.sambubioside..Cyanidin.3.O.glucoside",1.17,4
"768","SUP_rep2","rep2","P","SU",8.001,"Cyanidin.3.O.sambubioside..Cyanidin.3.O.glucoside",1.02,20
"769","ST1_rep3","rep3","1","ST",8.001,"Cyanidin.3.O.sambubioside..Cyanidin.3.O.glucoside",1.32,4
"770","ST2_rep3","rep3","2","ST",8.001,"Cyanidin.3.O.sambubioside..Cyanidin.3.O.glucoside",1.05,20
"771","STP_rep3","rep3","P","ST",8.001,"Cyanidin.3.O.sambubioside..Cyanidin.3.O.glucoside",1.27,4
"772","SU1_rep3","rep3","1","SU",8.001,"Cyanidin.3.O.sambubioside..Cyanidin.3.O.glucoside",0.97,20
"773","SU2_rep3","rep3","2","SU",8.001,"Cyanidin.3.O.sambubioside..Cyanidin.3.O.glucoside",1.18,4
"774","SUP_rep3","rep3","P","SU",8.001,"Cyanidin.3.O.sambubioside..Cyanidin.3.O.glucoside",1.03,20
"775","ST1_rep1","rep1","1","ST",16.001,"Cyanidin.3.O.sambubioside..Cyanidin.3.O.glucoside",1.23,4
"776","ST2_rep1","rep1","2","ST",16.001,"Cyanidin.3.O.sambubioside..Cyanidin.3.O.glucoside",0.86,20
"777","STP_rep1","rep1","P","ST",16.001,"Cyanidin.3.O.sambubioside..Cyanidin.3.O.glucoside",1.21,4
"778","SU1_rep1","rep1","1","SU",16.001,"Cyanidin.3.O.sambubioside..Cyanidin.3.O.glucoside",1.15,20
"779","SU2_rep1","rep1","2","SU",16.001,"Cyanidin.3.O.sambubioside..Cyanidin.3.O.glucoside",1.1,4
"780","SUP_rep1","rep1","P","SU",16.001,"Cyanidin.3.O.sambubioside..Cyanidin.3.O.glucoside",0.8,20
"781","ST1_rep2","rep2","1","ST",16.001,"Cyanidin.3.O.sambubioside..Cyanidin.3.O.glucoside",1.21,4
"782","ST2_rep2","rep2","2","ST",16.001,"Cyanidin.3.O.sambubioside..Cyanidin.3.O.glucoside",0.86,20
"783","STP_rep2","rep2","P","ST",16.001,"Cyanidin.3.O.sambubioside..Cyanidin.3.O.glucoside",1.26,4
"784","SU1_rep2","rep2","1","SU",16.001,"Cyanidin.3.O.sambubioside..Cyanidin.3.O.glucoside",0.81,20
"785","SU2_rep2","rep2","2","SU",16.001,"Cyanidin.3.O.sambubioside..Cyanidin.3.O.glucoside",1.08,4
"786","SUP_rep2","rep2","P","SU",16.001,"Cyanidin.3.O.sambubioside..Cyanidin.3.O.glucoside",0.97,20
"787","ST1_rep3","rep3","1","ST",16.001,"Cyanidin.3.O.sambubioside..Cyanidin.3.O.glucoside",1.21,4
"788","ST2_rep3","rep3","2","ST",16.001,"Cyanidin.3.O.sambubioside..Cyanidin.3.O.glucoside",0.9,20
"789","STP_rep3","rep3","P","ST",16.001,"Cyanidin.3.O.sambubioside..Cyanidin.3.O.glucoside",1.19,4
"790","SU1_rep3","rep3","1","SU",16.001,"Cyanidin.3.O.sambubioside..Cyanidin.3.O.glucoside",0.75,20
"791","SU2_rep3","rep3","2","SU",16.001,"Cyanidin.3.O.sambubioside..Cyanidin.3.O.glucoside",1.06,4
"792","SUP_rep3","rep3","P","SU",16.001,"Cyanidin.3.O.sambubioside..Cyanidin.3.O.glucoside",0.77,20
"793","ST1_rep1","rep1","1","ST",31.001,"Cyanidin.3.O.sambubioside..Cyanidin.3.O.glucoside",1.11,4
"794","ST2_rep1","rep1","2","ST",31.001,"Cyanidin.3.O.sambubioside..Cyanidin.3.O.glucoside",0.51,20
"795","STP_rep1","rep1","P","ST",31.001,"Cyanidin.3.O.sambubioside..Cyanidin.3.O.glucoside",1.12,4
"796","SU1_rep1","rep1","1","SU",31.001,"Cyanidin.3.O.sambubioside..Cyanidin.3.O.glucoside",0.45,20
"797","SU2_rep1","rep1","2","SU",31.001,"Cyanidin.3.O.sambubioside..Cyanidin.3.O.glucoside",1.04,4
"798","SUP_rep1","rep1","P","SU",31.001,"Cyanidin.3.O.sambubioside..Cyanidin.3.O.glucoside",0.5,20
"799","ST1_rep2","rep2","1","ST",31.001,"Cyanidin.3.O.sambubioside..Cyanidin.3.O.glucoside",1.11,4
"800","ST2_rep2","rep2","2","ST",31.001,"Cyanidin.3.O.sambubioside..Cyanidin.3.O.glucoside",0.51,20
"801","STP_rep2","rep2","P","ST",31.001,"Cyanidin.3.O.sambubioside..Cyanidin.3.O.glucoside",1.14,4
"802","SU1_rep2","rep2","1","SU",31.001,"Cyanidin.3.O.sambubioside..Cyanidin.3.O.glucoside",0.42,20
"803","SU2_rep2","rep2","2","SU",31.001,"Cyanidin.3.O.sambubioside..Cyanidin.3.O.glucoside",0.98,4
"804","SUP_rep2","rep2","P","SU",31.001,"Cyanidin.3.O.sambubioside..Cyanidin.3.O.glucoside",0.58,20
"805","ST1_rep3","rep3","1","ST",31.001,"Cyanidin.3.O.sambubioside..Cyanidin.3.O.glucoside",1.11,4
"806","ST2_rep3","rep3","2","ST",31.001,"Cyanidin.3.O.sambubioside..Cyanidin.3.O.glucoside",0.49,20
"807","STP_rep3","rep3","P","ST",31.001,"Cyanidin.3.O.sambubioside..Cyanidin.3.O.glucoside",1.15,4
"808","SU1_rep3","rep3","1","SU",31.001,"Cyanidin.3.O.sambubioside..Cyanidin.3.O.glucoside",0.46,20
"809","SU2_rep3","rep3","2","SU",31.001,"Cyanidin.3.O.sambubioside..Cyanidin.3.O.glucoside",1,4
"810","SUP_rep3","rep3","P","SU",31.001,"Cyanidin.3.O.sambubioside..Cyanidin.3.O.glucoside",0.52,20
"811","ST1_rep1","rep1","1","ST",46.001,"Cyanidin.3.O.sambubioside..Cyanidin.3.O.glucoside",1.04,4
"812","ST2_rep1","rep1","2","ST",46.001,"Cyanidin.3.O.sambubioside..Cyanidin.3.O.glucoside",0.38,20
"813","STP_rep1","rep1","P","ST",46.001,"Cyanidin.3.O.sambubioside..Cyanidin.3.O.glucoside",1,4
"814","SU1_rep1","rep1","1","SU",46.001,"Cyanidin.3.O.sambubioside..Cyanidin.3.O.glucoside",0.34,20
"815","SU2_rep1","rep1","2","SU",46.001,"Cyanidin.3.O.sambubioside..Cyanidin.3.O.glucoside",0.89,4
"816","SUP_rep1","rep1","P","SU",46.001,"Cyanidin.3.O.sambubioside..Cyanidin.3.O.glucoside",0.32,20
"817","ST1_rep2","rep2","1","ST",46.001,"Cyanidin.3.O.sambubioside..Cyanidin.3.O.glucoside",1.01,4
"818","ST2_rep2","rep2","2","ST",46.001,"Cyanidin.3.O.sambubioside..Cyanidin.3.O.glucoside",0.35,20
"819","STP_rep2","rep2","P","ST",46.001,"Cyanidin.3.O.sambubioside..Cyanidin.3.O.glucoside",1.05,4
"820","SU1_rep2","rep2","1","SU",46.001,"Cyanidin.3.O.sambubioside..Cyanidin.3.O.glucoside",0.36,20
"821","SU2_rep2","rep2","2","SU",46.001,"Cyanidin.3.O.sambubioside..Cyanidin.3.O.glucoside",0.86,4
"822","SUP_rep2","rep2","P","SU",46.001,"Cyanidin.3.O.sambubioside..Cyanidin.3.O.glucoside",0.33,20
"823","ST1_rep3","rep3","1","ST",46.001,"Cyanidin.3.O.sambubioside..Cyanidin.3.O.glucoside",1.02,4
"824","ST2_rep3","rep3","2","ST",46.001,"Cyanidin.3.O.sambubioside..Cyanidin.3.O.glucoside",0.36,20
"825","STP_rep3","rep3","P","ST",46.001,"Cyanidin.3.O.sambubioside..Cyanidin.3.O.glucoside",0.97,4
"826","SU1_rep3","rep3","1","SU",46.001,"Cyanidin.3.O.sambubioside..Cyanidin.3.O.glucoside",0.37,20
"827","SU2_rep3","rep3","2","SU",46.001,"Cyanidin.3.O.sambubioside..Cyanidin.3.O.glucoside",0.92,4
"828","SUP_rep3","rep3","P","SU",46.001,"Cyanidin.3.O.sambubioside..Cyanidin.3.O.glucoside",0.32,20
"829","ST1_rep1","rep1","1","ST",61.001,"Cyanidin.3.O.sambubioside..Cyanidin.3.O.glucoside",0.94,4
"830","ST2_rep1","rep1","2","ST",61.001,"Cyanidin.3.O.sambubioside..Cyanidin.3.O.glucoside",0.31,20
"831","STP_rep1","rep1","P","ST",61.001,"Cyanidin.3.O.sambubioside..Cyanidin.3.O.glucoside",0.96,4
"832","SU1_rep1","rep1","1","SU",61.001,"Cyanidin.3.O.sambubioside..Cyanidin.3.O.glucoside",0.28,20
"833","SU2_rep1","rep1","2","SU",61.001,"Cyanidin.3.O.sambubioside..Cyanidin.3.O.glucoside",0.83,4
"834","SUP_rep1","rep1","P","SU",61.001,"Cyanidin.3.O.sambubioside..Cyanidin.3.O.glucoside",0.3,20
"835","ST1_rep2","rep2","1","ST",61.001,"Cyanidin.3.O.sambubioside..Cyanidin.3.O.glucoside",0.89,4
"836","ST2_rep2","rep2","2","ST",61.001,"Cyanidin.3.O.sambubioside..Cyanidin.3.O.glucoside",0.26,20
"837","STP_rep2","rep2","P","ST",61.001,"Cyanidin.3.O.sambubioside..Cyanidin.3.O.glucoside",0.94,4
"838","SU1_rep2","rep2","1","SU",61.001,"Cyanidin.3.O.sambubioside..Cyanidin.3.O.glucoside",0.25,20
"839","SU2_rep2","rep2","2","SU",61.001,"Cyanidin.3.O.sambubioside..Cyanidin.3.O.glucoside",0.87,4
"840","SUP_rep2","rep2","P","SU",61.001,"Cyanidin.3.O.sambubioside..Cyanidin.3.O.glucoside",0.28,20
"841","ST1_rep3","rep3","1","ST",61.001,"Cyanidin.3.O.sambubioside..Cyanidin.3.O.glucoside",0.92,4
"842","ST2_rep3","rep3","2","ST",61.001,"Cyanidin.3.O.sambubioside..Cyanidin.3.O.glucoside",0.26,20
"843","STP_rep3","rep3","P","ST",61.001,"Cyanidin.3.O.sambubioside..Cyanidin.3.O.glucoside",0.85,4
"844","SU1_rep3","rep3","1","SU",61.001,"Cyanidin.3.O.sambubioside..Cyanidin.3.O.glucoside",0.28,20
"845","SU2_rep3","rep3","2","SU",61.001,"Cyanidin.3.O.sambubioside..Cyanidin.3.O.glucoside",0.82,4
"846","SUP_rep3","rep3","P","SU",61.001,"Cyanidin.3.O.sambubioside..Cyanidin.3.O.glucoside",0.28,20
"847","ST1_rep1","rep1","1","ST",91.001,"Cyanidin.3.O.sambubioside..Cyanidin.3.O.glucoside",0.89,4
"848","ST2_rep1","rep1","2","ST",91.001,"Cyanidin.3.O.sambubioside..Cyanidin.3.O.glucoside",0.18,20
"849","STP_rep1","rep1","P","ST",91.001,"Cyanidin.3.O.sambubioside..Cyanidin.3.O.glucoside",0.77,4
"850","SU1_rep1","rep1","1","SU",91.001,"Cyanidin.3.O.sambubioside..Cyanidin.3.O.glucoside",0.17,20
"851","SU2_rep1","rep1","2","SU",91.001,"Cyanidin.3.O.sambubioside..Cyanidin.3.O.glucoside",0.7,4
"852","SUP_rep1","rep1","P","SU",91.001,"Cyanidin.3.O.sambubioside..Cyanidin.3.O.glucoside",0.17,20
"853","ST1_rep2","rep2","1","ST",91.001,"Cyanidin.3.O.sambubioside..Cyanidin.3.O.glucoside",0.79,4
"854","ST2_rep2","rep2","2","ST",91.001,"Cyanidin.3.O.sambubioside..Cyanidin.3.O.glucoside",0.19,20
"855","STP_rep2","rep2","P","ST",91.001,"Cyanidin.3.O.sambubioside..Cyanidin.3.O.glucoside",0.75,4
"856","SU1_rep2","rep2","1","SU",91.001,"Cyanidin.3.O.sambubioside..Cyanidin.3.O.glucoside",0.16,20
"857","SU2_rep2","rep2","2","SU",91.001,"Cyanidin.3.O.sambubioside..Cyanidin.3.O.glucoside",0.71,4
"858","SUP_rep2","rep2","P","SU",91.001,"Cyanidin.3.O.sambubioside..Cyanidin.3.O.glucoside",0.16,20
"859","ST1_rep3","rep3","1","ST",91.001,"Cyanidin.3.O.sambubioside..Cyanidin.3.O.glucoside",0.77,4
"860","ST2_rep3","rep3","2","ST",91.001,"Cyanidin.3.O.sambubioside..Cyanidin.3.O.glucoside",0.19,20
"861","STP_rep3","rep3","P","ST",91.001,"Cyanidin.3.O.sambubioside..Cyanidin.3.O.glucoside",0.74,4
"862","SU1_rep3","rep3","1","SU",91.001,"Cyanidin.3.O.sambubioside..Cyanidin.3.O.glucoside",0.17,20
"863","SU2_rep3","rep3","2","SU",91.001,"Cyanidin.3.O.sambubioside..Cyanidin.3.O.glucoside",0.69,4
"864","SUP_rep3","rep3","P","SU",91.001,"Cyanidin.3.O.sambubioside..Cyanidin.3.O.glucoside",0.17,20
