"","X","rep","processing","sweetener","tiempo","Concentracion","Species","Temp","yhat","compound"
"1","ST1_rep1","rep1","1","ST",9.9999999999989e-05,15.35,"Ascorbic",4,12.1126037523337,"Ascorbic"
"2","ST2_rep1","rep1","2","ST",9.9999999999989e-05,15.35,"Ascorbic",20,12.1126037523337,"Ascorbic"
"3","STP_rep1","rep1","P","ST",9.9999999999989e-05,15.35,"Ascorbic",4,12.1126037523337,"Ascorbic"
"4","SU1_rep1","rep1","1","SU",9.9999999999989e-05,14.96,"Ascorbic",20,12.1126037523337,"Ascorbic"
"5","SU2_rep1","rep1","2","SU",9.9999999999989e-05,14.96,"Ascorbic",4,12.1126037523337,"Ascorbic"
"6","SUP_rep1","rep1","P","SU",9.9999999999989e-05,14.96,"Ascorbic",20,12.1126037523337,"Ascorbic"
"7","ST1_rep2","rep2","1","ST",9.9999999999989e-05,14.97,"Ascorbic",4,12.1126037523337,"Ascorbic"
"8","ST2_rep2","rep2","2","ST",9.9999999999989e-05,14.97,"Ascorbic",20,12.1126037523337,"Ascorbic"
"9","STP_rep2","rep2","P","ST",9.9999999999989e-05,14.97,"Ascorbic",4,12.1126037523337,"Ascorbic"
"10","SU1_rep2","rep2","1","SU",9.9999999999989e-05,14.72,"Ascorbic",20,12.1126037523337,"Ascorbic"
"11","SU2_rep2","rep2","2","SU",9.9999999999989e-05,14.72,"Ascorbic",4,12.1126037523337,"Ascorbic"
"12","SUP_rep2","rep2","P","SU",9.9999999999989e-05,14.72,"Ascorbic",20,12.1126037523337,"Ascorbic"
"13","ST1_rep3","rep3","1","ST",9.9999999999989e-05,15.88,"Ascorbic",4,12.1126037523337,"Ascorbic"
"14","ST2_rep3","rep3","2","ST",9.9999999999989e-05,15.88,"Ascorbic",20,12.1126037523337,"Ascorbic"
"15","STP_rep3","rep3","P","ST",9.9999999999989e-05,15.88,"Ascorbic",4,12.1126037523337,"Ascorbic"
"16","SU1_rep3","rep3","1","SU",9.9999999999989e-05,15,"Ascorbic",20,12.1126037523337,"Ascorbic"
"17","SU2_rep3","rep3","2","SU",9.9999999999989e-05,15,"Ascorbic",4,12.1126037523337,"Ascorbic"
"18","SUP_rep3","rep3","P","SU",9.9999999999989e-05,15,"Ascorbic",20,12.1126037523337,"Ascorbic"
"19","ST1_rep1","rep1","1","ST",1.0001,12.12,"Ascorbic",4,12,"Ascorbic"
"20","ST2_rep1","rep1","2","ST",1.0001,11.78,"Ascorbic",20,12,"Ascorbic"
"21","STP_rep1","rep1","P","ST",1.0001,11.61,"Ascorbic",4,12,"Ascorbic"
"22","SU1_rep1","rep1","1","SU",1.0001,12.2,"Ascorbic",20,12,"Ascorbic"
"23","SU2_rep1","rep1","2","SU",1.0001,11.46,"Ascorbic",4,12,"Ascorbic"
"24","SUP_rep1","rep1","P","SU",1.0001,11.5,"Ascorbic",20,12,"Ascorbic"
"25","ST1_rep2","rep2","1","ST",1.0001,12.31,"Ascorbic",4,12,"Ascorbic"
"26","ST2_rep2","rep2","2","ST",1.0001,12.05,"Ascorbic",20,12,"Ascorbic"
"27","STP_rep2","rep2","P","ST",1.0001,11.95,"Ascorbic",4,12,"Ascorbic"
"28","SU1_rep2","rep2","1","SU",1.0001,11.78,"Ascorbic",20,12,"Ascorbic"
"29","SU2_rep2","rep2","2","SU",1.0001,12.2,"Ascorbic",4,12,"Ascorbic"
"30","SUP_rep2","rep2","P","SU",1.0001,12.18,"Ascorbic",20,12,"Ascorbic"
"31","ST1_rep3","rep3","1","ST",1.0001,12.34,"Ascorbic",4,12,"Ascorbic"
"32","ST2_rep3","rep3","2","ST",1.0001,12.52,"Ascorbic",20,12,"Ascorbic"
"33","STP_rep3","rep3","P","ST",1.0001,11.63,"Ascorbic",4,12,"Ascorbic"
"34","SU1_rep3","rep3","1","SU",1.0001,12.8,"Ascorbic",20,12,"Ascorbic"
"35","SU2_rep3","rep3","2","SU",1.0001,12.05,"Ascorbic",4,12,"Ascorbic"
"36","SUP_rep3","rep3","P","SU",1.0001,12.46,"Ascorbic",20,12,"Ascorbic"
"37","ST1_rep1","rep1","1","ST",8.0001,10.09,"Ascorbic",4,11.1294331572203,"Ascorbic"
"38","ST2_rep1","rep1","2","ST",8.0001,7.67,"Ascorbic",20,11.1294331572203,"Ascorbic"
"39","STP_rep1","rep1","P","ST",8.0001,8.41,"Ascorbic",4,11.1294331572203,"Ascorbic"
"40","SU1_rep1","rep1","1","SU",8.0001,7.7,"Ascorbic",20,11.1294331572203,"Ascorbic"
"41","SU2_rep1","rep1","2","SU",8.0001,9.06,"Ascorbic",4,11.1294331572203,"Ascorbic"
"42","SUP_rep1","rep1","P","SU",8.0001,4.21,"Ascorbic",20,11.1294331572203,"Ascorbic"
"43","ST1_rep2","rep2","1","ST",8.0001,9.39,"Ascorbic",4,11.1294331572203,"Ascorbic"
"44","ST2_rep2","rep2","2","ST",8.0001,8.8,"Ascorbic",20,11.1294331572203,"Ascorbic"
"45","STP_rep2","rep2","P","ST",8.0001,9.71,"Ascorbic",4,11.1294331572203,"Ascorbic"
"46","SU1_rep2","rep2","1","SU",8.0001,7.69,"Ascorbic",20,11.1294331572203,"Ascorbic"
"47","SU2_rep2","rep2","2","SU",8.0001,10.42,"Ascorbic",4,11.1294331572203,"Ascorbic"
"48","SUP_rep2","rep2","P","SU",8.0001,4.86,"Ascorbic",20,11.1294331572203,"Ascorbic"
"49","ST1_rep3","rep3","1","ST",8.0001,9.9,"Ascorbic",4,11.1294331572203,"Ascorbic"
"50","ST2_rep3","rep3","2","ST",8.0001,8.19,"Ascorbic",20,11.1294331572203,"Ascorbic"
"51","STP_rep3","rep3","P","ST",8.0001,9.95,"Ascorbic",4,11.1294331572203,"Ascorbic"
"52","SU1_rep3","rep3","1","SU",8.0001,7.49,"Ascorbic",20,11.1294331572203,"Ascorbic"
"53","SU2_rep3","rep3","2","SU",8.0001,9.56,"Ascorbic",4,11.1294331572203,"Ascorbic"
"54","SUP_rep3","rep3","P","SU",8.0001,4.66,"Ascorbic",20,11.1294331572203,"Ascorbic"
"55","ST1_rep1","rep1","1","ST",16.0001,6.77,"Ascorbic",4,10.1064880552078,"Ascorbic"
"56","ST2_rep1","rep1","2","ST",16.0001,5.38,"Ascorbic",20,10.1064880552078,"Ascorbic"
"57","STP_rep1","rep1","P","ST",16.0001,6.86,"Ascorbic",4,10.1064880552078,"Ascorbic"
"58","SU1_rep1","rep1","1","SU",16.0001,5.08,"Ascorbic",20,10.1064880552078,"Ascorbic"
"59","SU2_rep1","rep1","2","SU",16.0001,7.54,"Ascorbic",4,10.1064880552078,"Ascorbic"
"60","SUP_rep1","rep1","P","SU",16.0001,2.5,"Ascorbic",20,10.1064880552078,"Ascorbic"
"61","ST1_rep2","rep2","1","ST",16.0001,8.7,"Ascorbic",4,10.1064880552078,"Ascorbic"
"62","ST2_rep2","rep2","2","ST",16.0001,4.96,"Ascorbic",20,10.1064880552078,"Ascorbic"
"63","STP_rep2","rep2","P","ST",16.0001,8.01,"Ascorbic",4,10.1064880552078,"Ascorbic"
"64","SU1_rep2","rep2","1","SU",16.0001,4.46,"Ascorbic",20,10.1064880552078,"Ascorbic"
"65","SU2_rep2","rep2","2","SU",16.0001,7.64,"Ascorbic",4,10.1064880552078,"Ascorbic"
"66","SUP_rep2","rep2","P","SU",16.0001,2.43,"Ascorbic",20,10.1064880552078,"Ascorbic"
"67","ST1_rep3","rep3","1","ST",16.0001,7.78,"Ascorbic",4,10.1064880552078,"Ascorbic"
"68","ST2_rep3","rep3","2","ST",16.0001,4.56,"Ascorbic",20,10.1064880552078,"Ascorbic"
"69","STP_rep3","rep3","P","ST",16.0001,7.64,"Ascorbic",4,10.1064880552078,"Ascorbic"
"70","SU1_rep3","rep3","1","SU",16.0001,4.91,"Ascorbic",20,10.1064880552078,"Ascorbic"
"71","SU2_rep3","rep3","2","SU",16.0001,7.46,"Ascorbic",4,10.1064880552078,"Ascorbic"
"72","SUP_rep3","rep3","P","SU",16.0001,2.16,"Ascorbic",20,10.1064880552078,"Ascorbic"
"73","ST1_rep1","rep1","1","ST",31.0001,4.6,"Ascorbic",4,8.36947142665941,"Ascorbic"
"74","ST2_rep1","rep1","2","ST",31.0001,2.66,"Ascorbic",20,8.36947142665941,"Ascorbic"
"75","STP_rep1","rep1","P","ST",31.0001,4.96,"Ascorbic",4,8.36947142665941,"Ascorbic"
"76","SU1_rep1","rep1","1","SU",31.0001,2.64,"Ascorbic",20,8.36947142665941,"Ascorbic"
"77","SU2_rep1","rep1","2","SU",31.0001,4.78,"Ascorbic",4,8.36947142665941,"Ascorbic"
"78","SUP_rep1","rep1","P","SU",31.0001,1.83,"Ascorbic",20,8.36947142665941,"Ascorbic"
"79","ST1_rep2","rep2","1","ST",31.0001,6.13,"Ascorbic",4,8.36947142665941,"Ascorbic"
"80","ST2_rep2","rep2","2","ST",31.0001,2.17,"Ascorbic",20,8.36947142665941,"Ascorbic"
"81","STP_rep2","rep2","P","ST",31.0001,4.94,"Ascorbic",4,8.36947142665941,"Ascorbic"
"82","SU1_rep2","rep2","1","SU",31.0001,2.23,"Ascorbic",20,8.36947142665941,"Ascorbic"
"83","SU2_rep2","rep2","2","SU",31.0001,5.03,"Ascorbic",4,8.36947142665941,"Ascorbic"
"84","SUP_rep2","rep2","P","SU",31.0001,1.88,"Ascorbic",20,8.36947142665941,"Ascorbic"
"85","ST1_rep3","rep3","1","ST",31.0001,5.3,"Ascorbic",4,8.36947142665941,"Ascorbic"
"86","ST2_rep3","rep3","2","ST",31.0001,2.39,"Ascorbic",20,8.36947142665941,"Ascorbic"
"87","STP_rep3","rep3","P","ST",31.0001,4.98,"Ascorbic",4,8.36947142665941,"Ascorbic"
"88","SU1_rep3","rep3","1","SU",31.0001,2.53,"Ascorbic",20,8.36947142665941,"Ascorbic"
"89","SU2_rep3","rep3","2","SU",31.0001,4.62,"Ascorbic",4,8.36947142665941,"Ascorbic"
"90","SUP_rep3","rep3","P","SU",31.0001,2.27,"Ascorbic",20,8.36947142665941,"Ascorbic"
"91","ST1_rep1","rep1","1","ST",46.0001,2.99,"Ascorbic",4,6.9178068120025,"Ascorbic"
"92","ST2_rep1","rep1","2","ST",46.0001,2.17,"Ascorbic",20,6.9178068120025,"Ascorbic"
"93","STP_rep1","rep1","P","ST",46.0001,2.26,"Ascorbic",4,6.9178068120025,"Ascorbic"
"94","SU1_rep1","rep1","1","SU",46.0001,2.46,"Ascorbic",20,6.9178068120025,"Ascorbic"
"95","SU2_rep1","rep1","2","SU",46.0001,2.92,"Ascorbic",4,6.9178068120025,"Ascorbic"
"96","SUP_rep1","rep1","P","SU",46.0001,1.37,"Ascorbic",20,6.9178068120025,"Ascorbic"
"97","ST1_rep2","rep2","1","ST",46.0001,2.51,"Ascorbic",4,6.9178068120025,"Ascorbic"
"98","ST2_rep2","rep2","2","ST",46.0001,2.28,"Ascorbic",20,6.9178068120025,"Ascorbic"
"99","STP_rep2","rep2","P","ST",46.0001,1.88,"Ascorbic",4,6.9178068120025,"Ascorbic"
"100","SU1_rep2","rep2","1","SU",46.0001,2.16,"Ascorbic",20,6.9178068120025,"Ascorbic"
"101","SU2_rep2","rep2","2","SU",46.0001,2.48,"Ascorbic",4,6.9178068120025,"Ascorbic"
"102","SUP_rep2","rep2","P","SU",46.0001,1.88,"Ascorbic",20,6.9178068120025,"Ascorbic"
"103","ST1_rep3","rep3","1","ST",46.0001,3.51,"Ascorbic",4,6.9178068120025,"Ascorbic"
"104","ST2_rep3","rep3","2","ST",46.0001,2.24,"Ascorbic",20,6.9178068120025,"Ascorbic"
"105","STP_rep3","rep3","P","ST",46.0001,2.41,"Ascorbic",4,6.9178068120025,"Ascorbic"
"106","SU1_rep3","rep3","1","SU",46.0001,2.26,"Ascorbic",20,6.9178068120025,"Ascorbic"
"107","SU2_rep3","rep3","2","SU",46.0001,2.64,"Ascorbic",4,6.9178068120025,"Ascorbic"
"108","SUP_rep3","rep3","P","SU",46.0001,2.11,"Ascorbic",20,6.9178068120025,"Ascorbic"
"109","ST1_rep1","rep1","1","ST",61.0001,2.96,"Ascorbic",4,5.71668613197377,"Ascorbic"
"110","ST2_rep1","rep1","2","ST",61.0001,2.16,"Ascorbic",20,5.71668613197377,"Ascorbic"
"111","STP_rep1","rep1","P","ST",61.0001,1.92,"Ascorbic",4,5.71668613197377,"Ascorbic"
"112","SU1_rep1","rep1","1","SU",61.0001,2.21,"Ascorbic",20,5.71668613197377,"Ascorbic"
"113","SU2_rep1","rep1","2","SU",61.0001,2.29,"Ascorbic",4,5.71668613197377,"Ascorbic"
"114","SUP_rep1","rep1","P","SU",61.0001,1.51,"Ascorbic",20,5.71668613197377,"Ascorbic"
"115","ST1_rep2","rep2","1","ST",61.0001,3.22,"Ascorbic",4,5.71668613197377,"Ascorbic"
"116","ST2_rep2","rep2","2","ST",61.0001,2.26,"Ascorbic",20,5.71668613197377,"Ascorbic"
"117","STP_rep2","rep2","P","ST",61.0001,2.09,"Ascorbic",4,5.71668613197377,"Ascorbic"
"118","SU1_rep2","rep2","1","SU",61.0001,2.04,"Ascorbic",20,5.71668613197377,"Ascorbic"
"119","SU2_rep2","rep2","2","SU",61.0001,2.5,"Ascorbic",4,5.71668613197377,"Ascorbic"
"120","SUP_rep2","rep2","P","SU",61.0001,1.73,"Ascorbic",20,5.71668613197377,"Ascorbic"
"121","ST1_rep3","rep3","1","ST",61.0001,2.9,"Ascorbic",4,5.71668613197377,"Ascorbic"
"122","ST2_rep3","rep3","2","ST",61.0001,2.19,"Ascorbic",20,5.71668613197377,"Ascorbic"
"123","STP_rep3","rep3","P","ST",61.0001,2.22,"Ascorbic",4,5.71668613197377,"Ascorbic"
"124","SU1_rep3","rep3","1","SU",61.0001,1.67,"Ascorbic",20,5.71668613197377,"Ascorbic"
"125","SU2_rep3","rep3","2","SU",61.0001,3.11,"Ascorbic",4,5.71668613197377,"Ascorbic"
"126","SUP_rep3","rep3","P","SU",61.0001,1.94,"Ascorbic",20,5.71668613197377,"Ascorbic"
"127","ST1_rep1","rep1","1","ST",91.0001,1.8,"Ascorbic",4,3.90367224932607,"Ascorbic"
"128","ST2_rep1","rep1","2","ST",91.0001,0.52,"Ascorbic",20,3.90367224932607,"Ascorbic"
"129","STP_rep1","rep1","P","ST",91.0001,0.9,"Ascorbic",4,3.90367224932607,"Ascorbic"
"130","SU1_rep1","rep1","1","SU",91.0001,0.39,"Ascorbic",20,3.90367224932607,"Ascorbic"
"131","SU2_rep1","rep1","2","SU",91.0001,0.52,"Ascorbic",4,3.90367224932607,"Ascorbic"
"132","SUP_rep1","rep1","P","SU",91.0001,0.4,"Ascorbic",20,3.90367224932607,"Ascorbic"
"133","ST1_rep2","rep2","1","ST",91.0001,1.48,"Ascorbic",4,3.90367224932607,"Ascorbic"
"134","ST2_rep2","rep2","2","ST",91.0001,0.8,"Ascorbic",20,3.90367224932607,"Ascorbic"
"135","STP_rep2","rep2","P","ST",91.0001,1,"Ascorbic",4,3.90367224932607,"Ascorbic"
"136","SU1_rep2","rep2","1","SU",91.0001,0.98,"Ascorbic",20,3.90367224932607,"Ascorbic"
"137","SU2_rep2","rep2","2","SU",91.0001,1.11,"Ascorbic",4,3.90367224932607,"Ascorbic"
"138","SUP_rep2","rep2","P","SU",91.0001,0.5,"Ascorbic",20,3.90367224932607,"Ascorbic"
"139","ST1_rep3","rep3","1","ST",91.0001,1.22,"Ascorbic",4,3.90367224932607,"Ascorbic"
"140","ST2_rep3","rep3","2","ST",91.0001,0.93,"Ascorbic",20,3.90367224932607,"Ascorbic"
"141","STP_rep3","rep3","P","ST",91.0001,1.1,"Ascorbic",4,3.90367224932607,"Ascorbic"
"142","SU1_rep3","rep3","1","SU",91.0001,0.79,"Ascorbic",20,3.90367224932607,"Ascorbic"
"143","SU2_rep3","rep3","2","SU",91.0001,0.68,"Ascorbic",4,3.90367224932607,"Ascorbic"
"144","SUP_rep3","rep3","P","SU",91.0001,0.38,"Ascorbic",20,3.90367224932607,"Ascorbic"
"145","ST1_rep1","rep1","1","ST",9.9999999999989e-05,3.26,"Dehydroascorbic",4,2.6444573778086,"Dehydroascorbic"
"146","ST2_rep1","rep1","2","ST",9.9999999999989e-05,3.26,"Dehydroascorbic",20,2.6444573778086,"Dehydroascorbic"
"147","STP_rep1","rep1","P","ST",9.9999999999989e-05,3.26,"Dehydroascorbic",4,2.6444573778086,"Dehydroascorbic"
"148","SU1_rep1","rep1","1","SU",9.9999999999989e-05,3.52,"Dehydroascorbic",20,2.6444573778086,"Dehydroascorbic"
"149","SU2_rep1","rep1","2","SU",9.9999999999989e-05,3.52,"Dehydroascorbic",4,2.6444573778086,"Dehydroascorbic"
"150","SUP_rep1","rep1","P","SU",9.9999999999989e-05,3.52,"Dehydroascorbic",20,2.6444573778086,"Dehydroascorbic"
"151","ST1_rep2","rep2","1","ST",9.9999999999989e-05,3.4,"Dehydroascorbic",4,2.6444573778086,"Dehydroascorbic"
"152","ST2_rep2","rep2","2","ST",9.9999999999989e-05,3.4,"Dehydroascorbic",20,2.6444573778086,"Dehydroascorbic"
"153","STP_rep2","rep2","P","ST",9.9999999999989e-05,3.4,"Dehydroascorbic",4,2.6444573778086,"Dehydroascorbic"
"154","SU1_rep2","rep2","1","SU",9.9999999999989e-05,3.48,"Dehydroascorbic",20,2.6444573778086,"Dehydroascorbic"
"155","SU2_rep2","rep2","2","SU",9.9999999999989e-05,3.48,"Dehydroascorbic",4,2.6444573778086,"Dehydroascorbic"
"156","SUP_rep2","rep2","P","SU",9.9999999999989e-05,3.48,"Dehydroascorbic",20,2.6444573778086,"Dehydroascorbic"
"157","ST1_rep3","rep3","1","ST",9.9999999999989e-05,1.95,"Dehydroascorbic",4,2.6444573778086,"Dehydroascorbic"
"158","ST2_rep3","rep3","2","ST",9.9999999999989e-05,1.95,"Dehydroascorbic",20,2.6444573778086,"Dehydroascorbic"
"159","STP_rep3","rep3","P","ST",9.9999999999989e-05,1.95,"Dehydroascorbic",4,2.6444573778086,"Dehydroascorbic"
"160","SU1_rep3","rep3","1","SU",9.9999999999989e-05,3.44,"Dehydroascorbic",20,2.6444573778086,"Dehydroascorbic"
"161","SU2_rep3","rep3","2","SU",9.9999999999989e-05,3.44,"Dehydroascorbic",4,2.6444573778086,"Dehydroascorbic"
"162","SUP_rep3","rep3","P","SU",9.9999999999989e-05,3.44,"Dehydroascorbic",20,2.6444573778086,"Dehydroascorbic"
"163","ST1_rep1","rep1","1","ST",1.0001,3.6,"Dehydroascorbic",4,2.5,"Dehydroascorbic"
"164","ST2_rep1","rep1","2","ST",1.0001,3.52,"Dehydroascorbic",20,2.5,"Dehydroascorbic"
"165","STP_rep1","rep1","P","ST",1.0001,4.01,"Dehydroascorbic",4,2.5,"Dehydroascorbic"
"166","SU1_rep1","rep1","1","SU",1.0001,3.71,"Dehydroascorbic",20,2.5,"Dehydroascorbic"
"167","SU2_rep1","rep1","2","SU",1.0001,3.71,"Dehydroascorbic",4,2.5,"Dehydroascorbic"
"168","SUP_rep1","rep1","P","SU",1.0001,3.98,"Dehydroascorbic",20,2.5,"Dehydroascorbic"
"169","ST1_rep2","rep2","1","ST",1.0001,3.76,"Dehydroascorbic",4,2.5,"Dehydroascorbic"
"170","ST2_rep2","rep2","2","ST",1.0001,3.51,"Dehydroascorbic",20,2.5,"Dehydroascorbic"
"171","STP_rep2","rep2","P","ST",1.0001,4.01,"Dehydroascorbic",4,2.5,"Dehydroascorbic"
"172","SU1_rep2","rep2","1","SU",1.0001,3.67,"Dehydroascorbic",20,2.5,"Dehydroascorbic"
"173","SU2_rep2","rep2","2","SU",1.0001,3.78,"Dehydroascorbic",4,2.5,"Dehydroascorbic"
"174","SUP_rep2","rep2","P","SU",1.0001,3.98,"Dehydroascorbic",20,2.5,"Dehydroascorbic"
"175","ST1_rep3","rep3","1","ST",1.0001,3.75,"Dehydroascorbic",4,2.5,"Dehydroascorbic"
"176","ST2_rep3","rep3","2","ST",1.0001,3.63,"Dehydroascorbic",20,2.5,"Dehydroascorbic"
"177","STP_rep3","rep3","P","ST",1.0001,4.07,"Dehydroascorbic",4,2.5,"Dehydroascorbic"
"178","SU1_rep3","rep3","1","SU",1.0001,3.85,"Dehydroascorbic",20,2.5,"Dehydroascorbic"
"179","SU2_rep3","rep3","2","SU",1.0001,3.54,"Dehydroascorbic",4,2.5,"Dehydroascorbic"
"180","SUP_rep3","rep3","P","SU",1.0001,3.51,"Dehydroascorbic",20,2.5,"Dehydroascorbic"
"181","ST1_rep1","rep1","1","ST",8.0001,3.96,"Dehydroascorbic",4,1.87137724984235,"Dehydroascorbic"
"182","ST2_rep1","rep1","2","ST",8.0001,2.27,"Dehydroascorbic",20,1.87137724984235,"Dehydroascorbic"
"183","STP_rep1","rep1","P","ST",8.0001,4.56,"Dehydroascorbic",4,1.87137724984235,"Dehydroascorbic"
"184","SU1_rep1","rep1","1","SU",8.0001,2.32,"Dehydroascorbic",20,1.87137724984235,"Dehydroascorbic"
"185","SU2_rep1","rep1","2","SU",8.0001,3.65,"Dehydroascorbic",4,1.87137724984235,"Dehydroascorbic"
"186","SUP_rep1","rep1","P","SU",8.0001,2.24,"Dehydroascorbic",20,1.87137724984235,"Dehydroascorbic"
"187","ST1_rep2","rep2","1","ST",8.0001,3.83,"Dehydroascorbic",4,1.87137724984235,"Dehydroascorbic"
"188","ST2_rep2","rep2","2","ST",8.0001,2.24,"Dehydroascorbic",20,1.87137724984235,"Dehydroascorbic"
"189","STP_rep2","rep2","P","ST",8.0001,3.91,"Dehydroascorbic",4,1.87137724984235,"Dehydroascorbic"
"190","SU1_rep2","rep2","1","SU",8.0001,2.12,"Dehydroascorbic",20,1.87137724984235,"Dehydroascorbic"
"191","SU2_rep2","rep2","2","SU",8.0001,3.45,"Dehydroascorbic",4,1.87137724984235,"Dehydroascorbic"
"192","SUP_rep2","rep2","P","SU",8.0001,2.33,"Dehydroascorbic",20,1.87137724984235,"Dehydroascorbic"
"193","ST1_rep3","rep3","1","ST",8.0001,4.04,"Dehydroascorbic",4,1.87137724984235,"Dehydroascorbic"
"194","ST2_rep3","rep3","2","ST",8.0001,2.18,"Dehydroascorbic",20,1.87137724984235,"Dehydroascorbic"
"195","STP_rep3","rep3","P","ST",8.0001,3.92,"Dehydroascorbic",4,1.87137724984235,"Dehydroascorbic"
"196","SU1_rep3","rep3","1","SU",8.0001,2.38,"Dehydroascorbic",20,1.87137724984235,"Dehydroascorbic"
"197","SU2_rep3","rep3","2","SU",8.0001,3.44,"Dehydroascorbic",4,1.87137724984235,"Dehydroascorbic"
"198","SUP_rep3","rep3","P","SU",8.0001,2.23,"Dehydroascorbic",20,1.87137724984235,"Dehydroascorbic"
"199","ST1_rep1","rep1","1","ST",16.0001,3.49,"Dehydroascorbic",4,1.54338343651192,"Dehydroascorbic"
"200","ST2_rep1","rep1","2","ST",16.0001,1.47,"Dehydroascorbic",20,1.54338343651192,"Dehydroascorbic"
"201","STP_rep1","rep1","P","ST",16.0001,3.27,"Dehydroascorbic",4,1.54338343651192,"Dehydroascorbic"
"202","SU1_rep1","rep1","1","SU",16.0001,1.57,"Dehydroascorbic",20,1.54338343651192,"Dehydroascorbic"
"203","SU2_rep1","rep1","2","SU",16.0001,3.31,"Dehydroascorbic",4,1.54338343651192,"Dehydroascorbic"
"204","SUP_rep1","rep1","P","SU",16.0001,1.14,"Dehydroascorbic",20,1.54338343651192,"Dehydroascorbic"
"205","ST1_rep2","rep2","1","ST",16.0001,3.25,"Dehydroascorbic",4,1.54338343651192,"Dehydroascorbic"
"206","ST2_rep2","rep2","2","ST",16.0001,1.28,"Dehydroascorbic",20,1.54338343651192,"Dehydroascorbic"
"207","STP_rep2","rep2","P","ST",16.0001,3.42,"Dehydroascorbic",4,1.54338343651192,"Dehydroascorbic"
"208","SU1_rep2","rep2","1","SU",16.0001,1.5,"Dehydroascorbic",20,1.54338343651192,"Dehydroascorbic"
"209","SU2_rep2","rep2","2","SU",16.0001,3.27,"Dehydroascorbic",4,1.54338343651192,"Dehydroascorbic"
"210","SUP_rep2","rep2","P","SU",16.0001,0.97,"Dehydroascorbic",20,1.54338343651192,"Dehydroascorbic"
"211","ST1_rep3","rep3","1","ST",16.0001,3.41,"Dehydroascorbic",4,1.54338343651192,"Dehydroascorbic"
"212","ST2_rep3","rep3","2","ST",16.0001,1.36,"Dehydroascorbic",20,1.54338343651192,"Dehydroascorbic"
"213","STP_rep3","rep3","P","ST",16.0001,3.38,"Dehydroascorbic",4,1.54338343651192,"Dehydroascorbic"
"214","SU1_rep3","rep3","1","SU",16.0001,1.58,"Dehydroascorbic",20,1.54338343651192,"Dehydroascorbic"
"215","SU2_rep3","rep3","2","SU",16.0001,3.19,"Dehydroascorbic",4,1.54338343651192,"Dehydroascorbic"
"216","SUP_rep3","rep3","P","SU",16.0001,1,"Dehydroascorbic",20,1.54338343651192,"Dehydroascorbic"
"217","ST1_rep1","rep1","1","ST",31.0001,2.8,"Dehydroascorbic",4,1.22600396326298,"Dehydroascorbic"
"218","ST2_rep1","rep1","2","ST",31.0001,0.74,"Dehydroascorbic",20,1.22600396326298,"Dehydroascorbic"
"219","STP_rep1","rep1","P","ST",31.0001,2.71,"Dehydroascorbic",4,1.22600396326298,"Dehydroascorbic"
"220","SU1_rep1","rep1","1","SU",31.0001,0.73,"Dehydroascorbic",20,1.22600396326298,"Dehydroascorbic"
"221","SU2_rep1","rep1","2","SU",31.0001,2.77,"Dehydroascorbic",4,1.22600396326298,"Dehydroascorbic"
"222","SUP_rep1","rep1","P","SU",31.0001,0.5,"Dehydroascorbic",20,1.22600396326298,"Dehydroascorbic"
"223","ST1_rep2","rep2","1","ST",31.0001,2.81,"Dehydroascorbic",4,1.22600396326298,"Dehydroascorbic"
"224","ST2_rep2","rep2","2","ST",31.0001,0.74,"Dehydroascorbic",20,1.22600396326298,"Dehydroascorbic"
"225","STP_rep2","rep2","P","ST",31.0001,2.81,"Dehydroascorbic",4,1.22600396326298,"Dehydroascorbic"
"226","SU1_rep2","rep2","1","SU",31.0001,0.5,"Dehydroascorbic",20,1.22600396326298,"Dehydroascorbic"
"227","SU2_rep2","rep2","2","SU",31.0001,2.64,"Dehydroascorbic",4,1.22600396326298,"Dehydroascorbic"
"228","SUP_rep2","rep2","P","SU",31.0001,0.52,"Dehydroascorbic",20,1.22600396326298,"Dehydroascorbic"
"229","ST1_rep3","rep3","1","ST",31.0001,2.71,"Dehydroascorbic",4,1.22600396326298,"Dehydroascorbic"
"230","ST2_rep3","rep3","2","ST",31.0001,0.69,"Dehydroascorbic",20,1.22600396326298,"Dehydroascorbic"
"231","STP_rep3","rep3","P","ST",31.0001,2.5,"Dehydroascorbic",4,1.22600396326298,"Dehydroascorbic"
"232","SU1_rep3","rep3","1","SU",31.0001,0.64,"Dehydroascorbic",20,1.22600396326298,"Dehydroascorbic"
"233","SU2_rep3","rep3","2","SU",31.0001,2.57,"Dehydroascorbic",4,1.22600396326298,"Dehydroascorbic"
"234","SUP_rep3","rep3","P","SU",31.0001,0.61,"Dehydroascorbic",20,1.22600396326298,"Dehydroascorbic"
"235","ST1_rep1","rep1","1","ST",46.0001,1.85,"Dehydroascorbic",4,1.00844268526422,"Dehydroascorbic"
"236","ST2_rep1","rep1","2","ST",46.0001,0.67,"Dehydroascorbic",20,1.00844268526422,"Dehydroascorbic"
"237","STP_rep1","rep1","P","ST",46.0001,1.79,"Dehydroascorbic",4,1.00844268526422,"Dehydroascorbic"
"238","SU1_rep1","rep1","1","SU",46.0001,0.78,"Dehydroascorbic",20,1.00844268526422,"Dehydroascorbic"
"239","SU2_rep1","rep1","2","SU",46.0001,1.97,"Dehydroascorbic",4,1.00844268526422,"Dehydroascorbic"
"240","SUP_rep1","rep1","P","SU",46.0001,0.38,"Dehydroascorbic",20,1.00844268526422,"Dehydroascorbic"
"241","ST1_rep2","rep2","1","ST",46.0001,1.79,"Dehydroascorbic",4,1.00844268526422,"Dehydroascorbic"
"242","ST2_rep2","rep2","2","ST",46.0001,0.61,"Dehydroascorbic",20,1.00844268526422,"Dehydroascorbic"
"243","STP_rep2","rep2","P","ST",46.0001,1.68,"Dehydroascorbic",4,1.00844268526422,"Dehydroascorbic"
"244","SU1_rep2","rep2","1","SU",46.0001,0.87,"Dehydroascorbic",20,1.00844268526422,"Dehydroascorbic"
"245","SU2_rep2","rep2","2","SU",46.0001,1.85,"Dehydroascorbic",4,1.00844268526422,"Dehydroascorbic"
"246","SUP_rep2","rep2","P","SU",46.0001,0.82,"Dehydroascorbic",20,1.00844268526422,"Dehydroascorbic"
"247","ST1_rep3","rep3","1","ST",46.0001,1.72,"Dehydroascorbic",4,1.00844268526422,"Dehydroascorbic"
"248","ST2_rep3","rep3","2","ST",46.0001,0.57,"Dehydroascorbic",20,1.00844268526422,"Dehydroascorbic"
"249","STP_rep3","rep3","P","ST",46.0001,1.73,"Dehydroascorbic",4,1.00844268526422,"Dehydroascorbic"
"250","SU1_rep3","rep3","1","SU",46.0001,0.41,"Dehydroascorbic",20,1.00844268526422,"Dehydroascorbic"
"251","SU2_rep3","rep3","2","SU",46.0001,1.89,"Dehydroascorbic",4,1.00844268526422,"Dehydroascorbic"
"252","SUP_rep3","rep3","P","SU",46.0001,0.49,"Dehydroascorbic",20,1.00844268526422,"Dehydroascorbic"
"253","ST1_rep1","rep1","1","ST",61.0001,1.19,"Dehydroascorbic",4,0.832885227651884,"Dehydroascorbic"
"254","ST2_rep1","rep1","2","ST",61.0001,0.1,"Dehydroascorbic",20,0.832885227651884,"Dehydroascorbic"
"255","STP_rep1","rep1","P","ST",61.0001,1.12,"Dehydroascorbic",4,0.832885227651884,"Dehydroascorbic"
"256","SU1_rep1","rep1","1","SU",61.0001,0.24,"Dehydroascorbic",20,0.832885227651884,"Dehydroascorbic"
"257","SU2_rep1","rep1","2","SU",61.0001,0.81,"Dehydroascorbic",4,0.832885227651884,"Dehydroascorbic"
"258","SUP_rep1","rep1","P","SU",61.0001,0.37,"Dehydroascorbic",20,0.832885227651884,"Dehydroascorbic"
"259","ST1_rep2","rep2","1","ST",61.0001,0.94,"Dehydroascorbic",4,0.832885227651884,"Dehydroascorbic"
"260","ST2_rep2","rep2","2","ST",61.0001,0.25,"Dehydroascorbic",20,0.832885227651884,"Dehydroascorbic"
"261","STP_rep2","rep2","P","ST",61.0001,0.94,"Dehydroascorbic",4,0.832885227651884,"Dehydroascorbic"
"262","SU1_rep2","rep2","1","SU",61.0001,0.17,"Dehydroascorbic",20,0.832885227651884,"Dehydroascorbic"
"263","SU2_rep2","rep2","2","SU",61.0001,0.65,"Dehydroascorbic",4,0.832885227651884,"Dehydroascorbic"
"264","SUP_rep2","rep2","P","SU",61.0001,0.14,"Dehydroascorbic",20,0.832885227651884,"Dehydroascorbic"
"265","ST1_rep3","rep3","1","ST",61.0001,1.05,"Dehydroascorbic",4,0.832885227651884,"Dehydroascorbic"
"266","ST2_rep3","rep3","2","ST",61.0001,0.07,"Dehydroascorbic",20,0.832885227651884,"Dehydroascorbic"
"267","STP_rep3","rep3","P","ST",61.0001,0.8,"Dehydroascorbic",4,0.832885227651884,"Dehydroascorbic"
"268","SU1_rep3","rep3","1","SU",61.0001,0.12,"Dehydroascorbic",20,0.832885227651884,"Dehydroascorbic"
"269","SU2_rep3","rep3","2","SU",61.0001,0.75,"Dehydroascorbic",4,0.832885227651884,"Dehydroascorbic"
"270","SUP_rep3","rep3","P","SU",61.0001,0.34,"Dehydroascorbic",20,0.832885227651884,"Dehydroascorbic"
"271","ST1_rep1","rep1","1","ST",91.0001,0,"Dehydroascorbic",4,0.568700115189235,"Dehydroascorbic"
"272","ST2_rep1","rep1","2","ST",91.0001,0,"Dehydroascorbic",20,0.568700115189235,"Dehydroascorbic"
"273","STP_rep1","rep1","P","ST",91.0001,0,"Dehydroascorbic",4,0.568700115189235,"Dehydroascorbic"
"274","SU1_rep1","rep1","1","SU",91.0001,0,"Dehydroascorbic",20,0.568700115189235,"Dehydroascorbic"
"275","SU2_rep1","rep1","2","SU",91.0001,0,"Dehydroascorbic",4,0.568700115189235,"Dehydroascorbic"
"276","SUP_rep1","rep1","P","SU",91.0001,0,"Dehydroascorbic",20,0.568700115189235,"Dehydroascorbic"
"277","ST1_rep2","rep2","1","ST",91.0001,0,"Dehydroascorbic",4,0.568700115189235,"Dehydroascorbic"
"278","ST2_rep2","rep2","2","ST",91.0001,0,"Dehydroascorbic",20,0.568700115189235,"Dehydroascorbic"
"279","STP_rep2","rep2","P","ST",91.0001,0,"Dehydroascorbic",4,0.568700115189235,"Dehydroascorbic"
"280","SU1_rep2","rep2","1","SU",91.0001,0,"Dehydroascorbic",20,0.568700115189235,"Dehydroascorbic"
"281","SU2_rep2","rep2","2","SU",91.0001,0,"Dehydroascorbic",4,0.568700115189235,"Dehydroascorbic"
"282","SUP_rep2","rep2","P","SU",91.0001,0,"Dehydroascorbic",20,0.568700115189235,"Dehydroascorbic"
"283","ST1_rep3","rep3","1","ST",91.0001,0,"Dehydroascorbic",4,0.568700115189235,"Dehydroascorbic"
"284","ST2_rep3","rep3","2","ST",91.0001,0,"Dehydroascorbic",20,0.568700115189235,"Dehydroascorbic"
"285","STP_rep3","rep3","P","ST",91.0001,0,"Dehydroascorbic",4,0.568700115189235,"Dehydroascorbic"
"286","SU1_rep3","rep3","1","SU",91.0001,0,"Dehydroascorbic",20,0.568700115189235,"Dehydroascorbic"
"287","SU2_rep3","rep3","2","SU",91.0001,0,"Dehydroascorbic",4,0.568700115189235,"Dehydroascorbic"
"288","SUP_rep3","rep3","P","SU",91.0001,0,"Dehydroascorbic",20,0.568700115189235,"Dehydroascorbic"
